-- phpMyAdmin SQL Dump
-- version 5.0.3
-- https://www.phpmyadmin.net/
--
-- Host: localhost
-- Generation Time: Dec 03, 2020 at 11:15 AM
-- Server version: 10.4.14-MariaDB
-- PHP Version: 7.2.34

SET SQL_MODE = "NO_AUTO_VALUE_ON_ZERO";
START TRANSACTION;
SET time_zone = "+00:00";


/*!40101 SET @OLD_CHARACTER_SET_CLIENT=@@CHARACTER_SET_CLIENT */;
/*!40101 SET @OLD_CHARACTER_SET_RESULTS=@@CHARACTER_SET_RESULTS */;
/*!40101 SET @OLD_COLLATION_CONNECTION=@@COLLATION_CONNECTION */;
/*!40101 SET NAMES utf8mb4 */;

--
-- Database: `air_db`
--
CREATE DATABASE IF NOT EXISTS `flightSearch` DEFAULT CHARACTER SET utf8mb4 COLLATE utf8mb4_general_ci;
USE `air_db`;

-- --------------------------------------------------------

--
-- Table structure for table `angestellt`
--

CREATE TABLE `angestellt` (
  `gesell_bez` varchar(30) DEFAULT NULL,
  `pinr` int(11) NOT NULL,
  `seit` date DEFAULT NULL
) ENGINE=InnoDB DEFAULT CHARSET=utf8mb4;

--
-- Dumping data for table `angestellt`
--

INSERT INTO `angestellt` (`gesell_bez`, `pinr`, `seit`) VALUES
('AIR BERLIN', 0, '1999-03-19'),
('AIR BERLIN', 1, '1999-06-09'),
('AIR BERLIN', 2, '1999-04-10'),
('AIR BERLIN', 3, '1999-12-19'),
('AIR BERLIN', 4, '1999-09-26'),
('AIR BERLIN', 5, '1999-03-03'),
('AIR BERLIN', 6, '1999-09-12'),
('AIR BERLIN', 7, '1999-09-07'),
('AIR BERLIN', 8, '1999-03-09'),
('AIR BERLIN', 9, '1999-10-28'),
('AIR FRANCE', 10, '1999-12-18'),
('AIR FRANCE', 11, '1999-08-27'),
('AIR FRANCE', 12, '2000-01-09'),
('AIR FRANCE', 13, '2000-01-04'),
('AIR FRANCE', 14, '1999-11-17'),
('AIR FRANCE', 15, '1999-09-23'),
('AIR FRANCE', 16, '1999-04-13'),
('AIR FRANCE', 17, '2000-01-03'),
('AIR FRANCE', 18, '1999-10-13'),
('AIR FRANCE', 19, '1999-03-02'),
('AIR FRANCE', 20, '1999-12-16'),
('AIR FRANCE', 21, '1999-02-20'),
('AIR FRANCE', 22, '1999-06-29'),
('AIR FRANCE', 23, '1999-03-17'),
('AIR FRANCE', 24, '1999-10-31'),
('AIR FRANCE', 25, '1999-02-21'),
('AIR FRANCE', 26, '1999-11-09'),
('AIR FRANCE', 27, '1999-02-18'),
('AIR FRANCE', 28, '1999-05-06'),
('AIR FRANCE', 29, '1999-06-28'),
('AIR FRANCE', 30, '1999-02-24'),
('AIR FRANCE', 31, '1999-12-23'),
('AIR FRANCE', 32, '1999-03-22'),
('AIR FRANCE', 33, '1999-09-27'),
('AIR FRANCE', 34, '1999-10-08'),
('AIR FRANCE', 35, '1999-02-17'),
('AIR FRANCE', 36, '1999-12-31'),
('AIR FRANCE', 37, '1999-09-01'),
('AIR FRANCE', 38, '1999-12-14'),
('AIR FRANCE', 39, '1999-08-03'),
('AIR FRANCE', 40, '1999-03-11'),
('AIR FRANCE', 41, '1999-08-27'),
('AIR FRANCE', 42, '1999-03-18'),
('AIR FRANCE', 43, '1999-06-01'),
('AIR FRANCE', 44, '1999-05-28'),
('AIR FRANCE', 45, '1999-08-02'),
('AIR FRANCE', 46, '1999-05-04'),
('AIR FRANCE', 47, '1999-12-11'),
('AIR FRANCE', 48, '1999-05-19'),
('AIR FRANCE', 49, '1999-04-01'),
('AUSTRIAN AIRWAYS', 50, '2000-01-11'),
('AUSTRIAN AIRWAYS', 51, '1999-09-08'),
('AUSTRIAN AIRWAYS', 52, '1999-12-07'),
('AUSTRIAN AIRWAYS', 53, '1999-10-19'),
('AUSTRIAN AIRWAYS', 54, '1999-05-12'),
('AUSTRIAN AIRWAYS', 55, '1999-05-07'),
('AUSTRIAN AIRWAYS', 56, '2000-01-23'),
('AUSTRIAN AIRWAYS', 57, '1999-10-12'),
('AUSTRIAN AIRWAYS', 58, '1999-12-08'),
('AUSTRIAN AIRWAYS', 59, '2000-01-19'),
('AUSTRIAN AIRWAYS', 60, '1999-11-05'),
('AUSTRIAN AIRWAYS', 61, '1999-02-15'),
('AUSTRIAN AIRWAYS', 62, '1999-03-31'),
('AUSTRIAN AIRWAYS', 63, '1999-03-22'),
('AUSTRIAN AIRWAYS', 64, '1999-02-04'),
('AUSTRIAN AIRWAYS', 65, '1999-10-18'),
('AUSTRIAN AIRWAYS', 66, '1999-09-11'),
('AUSTRIAN AIRWAYS', 67, '1999-06-08'),
('AUSTRIAN AIRWAYS', 68, '1999-12-20'),
('AUSTRIAN AIRWAYS', 69, '1999-08-30'),
('BRITISH AIRWAYS', 70, '1999-09-26'),
('BRITISH AIRWAYS', 71, '2000-01-02'),
('BRITISH AIRWAYS', 72, '1999-08-14'),
('BRITISH AIRWAYS', 73, '2000-01-20'),
('BRITISH AIRWAYS', 74, '1999-08-04'),
('BRITISH AIRWAYS', 75, '1999-06-13'),
('BRITISH AIRWAYS', 76, '1999-09-14'),
('BRITISH AIRWAYS', 77, '1999-10-03'),
('BRITISH AIRWAYS', 78, '1999-03-26'),
('BRITISH AIRWAYS', 79, '1999-03-06'),
('BRITISH AIRWAYS', 80, '1999-09-13'),
('BRITISH AIRWAYS', 81, '1999-06-15'),
('BRITISH AIRWAYS', 82, '1999-08-11'),
('BRITISH AIRWAYS', 83, '1999-03-17'),
('BRITISH AIRWAYS', 84, '1999-09-27'),
('BRITISH AIRWAYS', 85, '1999-02-13'),
('BRITISH AIRWAYS', 86, '2000-01-23'),
('BRITISH AIRWAYS', 87, '1999-07-14'),
('BRITISH AIRWAYS', 88, '1999-07-21'),
('BRITISH AIRWAYS', 89, '1999-09-14'),
('BRITISH AIRWAYS', 90, '1999-05-31'),
('BRITISH AIRWAYS', 91, '1999-03-29'),
('BRITISH AIRWAYS', 92, '1999-06-16'),
('BRITISH AIRWAYS', 93, '1999-02-12'),
('BRITISH AIRWAYS', 94, '1999-02-07'),
('BRITISH AIRWAYS', 95, '2000-01-21'),
('BRITISH AIRWAYS', 96, '1999-09-16'),
('BRITISH AIRWAYS', 97, '1999-07-10'),
('BRITISH AIRWAYS', 98, '1999-03-31'),
('BRITISH AIRWAYS', 99, '1999-06-10'),
('BRITISH AIRWAYS', 100, '1999-02-19'),
('BRITISH AIRWAYS', 101, '1999-06-27'),
('BRITISH AIRWAYS', 102, '1999-11-26'),
('BRITISH AIRWAYS', 103, '1999-07-25'),
('BRITISH AIRWAYS', 104, '1999-11-08'),
('BRITISH AIRWAYS', 105, '1999-12-03'),
('BRITISH AIRWAYS', 106, '1999-06-02'),
('BRITISH AIRWAYS', 107, '1999-07-09'),
('BRITISH AIRWAYS', 108, '1999-02-03'),
('BRITISH AIRWAYS', 109, '1999-08-15'),
('BRITISH AIRWAYS', 110, '1999-12-05'),
('BRITISH AIRWAYS', 111, '1999-04-07'),
('BRITISH AIRWAYS', 112, '1999-06-23'),
('BRITISH AIRWAYS', 113, '1999-02-06'),
('BRITISH AIRWAYS', 114, '1999-07-28'),
('BRITISH AIRWAYS', 115, '1999-02-08'),
('BRITISH AIRWAYS', 116, '1999-12-18'),
('BRITISH AIRWAYS', 117, '1999-04-11'),
('BRITISH AIRWAYS', 118, '1999-12-14'),
('BRITISH AIRWAYS', 119, '1999-12-20'),
('BRITISH AIRWAYS', 120, '2000-01-22'),
('BRITISH AIRWAYS', 121, '1999-06-15'),
('BRITISH AIRWAYS', 122, '1999-03-01'),
('BRITISH AIRWAYS', 123, '1999-02-08'),
('BRITISH AIRWAYS', 124, '1999-12-01'),
('BRITISH AIRWAYS', 125, '1999-06-18'),
('BRITISH AIRWAYS', 126, '1999-05-11'),
('BRITISH AIRWAYS', 127, '1999-08-13'),
('BRITISH AIRWAYS', 128, '1999-02-15'),
('BRITISH AIRWAYS', 129, '1999-08-29'),
('BRITISH AIRWAYS', 130, '1999-05-28'),
('BRITISH AIRWAYS', 131, '1999-11-24'),
('BRITISH AIRWAYS', 132, '1999-04-10'),
('BRITISH AIRWAYS', 133, '1999-10-16'),
('BRITISH AIRWAYS', 134, '1999-03-18'),
('BRITISH AIRWAYS', 135, '1999-03-13'),
('BRITISH AIRWAYS', 136, '1999-03-12'),
('BRITISH AIRWAYS', 137, '1999-11-10'),
('BRITISH AIRWAYS', 138, '1999-04-10'),
('BRITISH AIRWAYS', 139, '1999-05-13'),
('BRITISH AIRWAYS', 140, '1999-05-22'),
('BRITISH AIRWAYS', 141, '1999-10-26'),
('BRITISH AIRWAYS', 142, '1999-11-02'),
('BRITISH AIRWAYS', 143, '1999-12-25'),
('BRITISH AIRWAYS', 144, '1999-06-04'),
('BRITISH AIRWAYS', 145, '1999-04-10'),
('BRITISH AIRWAYS', 146, '1999-02-01'),
('BRITISH AIRWAYS', 147, '1999-10-30'),
('BRITISH AIRWAYS', 148, '1999-08-31'),
('BRITISH AIRWAYS', 149, '1999-06-08'),
('LUFTHANSA', 150, '1999-05-28'),
('LUFTHANSA', 151, '1999-12-04'),
('LUFTHANSA', 152, '2000-01-09'),
('LUFTHANSA', 153, '1999-06-17'),
('LUFTHANSA', 154, '1999-12-27'),
('LUFTHANSA', 155, '1999-10-03'),
('LUFTHANSA', 156, '1999-07-09'),
('LUFTHANSA', 157, '1999-11-22'),
('LUFTHANSA', 158, '1999-09-03'),
('LUFTHANSA', 159, '1999-03-28'),
('LUFTHANSA', 160, '1999-07-16'),
('LUFTHANSA', 161, '1999-07-24'),
('LUFTHANSA', 162, '1999-10-13'),
('LUFTHANSA', 163, '2000-01-10'),
('LUFTHANSA', 164, '1999-08-11'),
('LUFTHANSA', 165, '1999-10-20'),
('LUFTHANSA', 166, '1999-06-17'),
('LUFTHANSA', 167, '1999-11-04'),
('LUFTHANSA', 168, '1999-09-30'),
('LUFTHANSA', 169, '1999-06-11'),
('LUFTHANSA', 170, '1999-12-29'),
('LUFTHANSA', 171, '1999-07-04'),
('LUFTHANSA', 172, '1999-06-19'),
('LUFTHANSA', 173, '1999-04-09'),
('LUFTHANSA', 174, '1999-03-24'),
('LUFTHANSA', 175, '1999-10-22'),
('LUFTHANSA', 176, '2000-01-17'),
('LUFTHANSA', 177, '1999-10-08'),
('LUFTHANSA', 178, '1999-11-02'),
('LUFTHANSA', 179, '1999-04-10'),
('LUFTHANSA', 180, '1999-08-20'),
('LUFTHANSA', 181, '1999-10-18'),
('LUFTHANSA', 182, '1999-06-22'),
('LUFTHANSA', 183, '1999-02-28'),
('LUFTHANSA', 184, '1999-08-31'),
('LUFTHANSA', 185, '1999-10-30'),
('LUFTHANSA', 186, '1999-07-11'),
('LUFTHANSA', 187, '2000-01-20'),
('LUFTHANSA', 188, '1999-05-24'),
('LUFTHANSA', 189, '1999-10-31'),
('LUFTHANSA', 190, '1999-08-07'),
('LUFTHANSA', 191, '1999-11-02'),
('LUFTHANSA', 192, '1999-03-13'),
('LUFTHANSA', 193, '1999-05-20'),
('LUFTHANSA', 194, '1999-11-02'),
('LUFTHANSA', 195, '1999-06-20'),
('LUFTHANSA', 196, '1999-04-13'),
('LUFTHANSA', 197, '1999-08-20'),
('LUFTHANSA', 198, '1999-05-25'),
('LUFTHANSA', 199, '2000-01-24');

-- --------------------------------------------------------

--
-- Table structure for table `bestand`
--

CREATE TABLE `bestand` (
  `fznr` int(11) NOT NULL,
  `gesell_bez` varchar(30) DEFAULT NULL,
  `seit` date DEFAULT NULL
) ENGINE=InnoDB DEFAULT CHARSET=utf8mb4;

--
-- Dumping data for table `bestand`
--

INSERT INTO `bestand` (`fznr`, `gesell_bez`, `seit`) VALUES
(0, 'LUFTHANSA', '1999-03-11'),
(1, 'LUFTHANSA', '1999-11-07'),
(2, 'LUFTHANSA', '1999-06-28'),
(3, 'LUFTHANSA', '1999-03-29'),
(4, 'LUFTHANSA', '1999-03-10'),
(5, 'LUFTHANSA', '1999-07-28'),
(6, 'LUFTHANSA', '2000-01-22'),
(7, 'LUFTHANSA', '1999-10-14'),
(8, 'LUFTHANSA', '2000-01-01'),
(9, 'LUFTHANSA', '1999-03-23'),
(10, 'LUFTHANSA', '1999-12-02'),
(11, 'LUFTHANSA', '1999-09-08'),
(12, 'LUFTHANSA', '1999-10-14'),
(13, 'LUFTHANSA', '1999-03-03'),
(14, 'LUFTHANSA', '1999-07-05'),
(15, 'LUFTHANSA', '1999-07-21'),
(16, 'LUFTHANSA', '1999-04-11'),
(17, 'LUFTHANSA', '1999-02-23'),
(18, 'LUFTHANSA', '1999-08-12'),
(19, 'LUFTHANSA', '1999-04-29'),
(20, 'LUFTHANSA', '1999-12-28'),
(21, 'LUFTHANSA', '1999-09-10'),
(22, 'LUFTHANSA', '1999-12-20'),
(23, 'LUFTHANSA', '1999-03-05'),
(24, 'LUFTHANSA', '1999-07-12'),
(25, 'LUFTHANSA', '1999-08-27'),
(26, 'LUFTHANSA', '1999-05-14'),
(27, 'LUFTHANSA', '1999-11-13'),
(28, 'LUFTHANSA', '1999-06-12'),
(29, 'LUFTHANSA', '1999-04-25'),
(30, 'LUFTHANSA', '1999-02-24'),
(31, 'LUFTHANSA', '1999-10-07'),
(32, 'LUFTHANSA', '1999-10-28'),
(33, 'LUFTHANSA', '1999-05-12'),
(34, 'LUFTHANSA', '1999-05-25'),
(35, 'LUFTHANSA', '2000-01-12'),
(36, 'LUFTHANSA', '1999-06-02'),
(37, 'LUFTHANSA', '1999-04-03'),
(38, 'LUFTHANSA', '1999-08-27'),
(39, 'LUFTHANSA', '1999-02-13'),
(40, 'LUFTHANSA', '1999-07-13'),
(41, 'LUFTHANSA', '1999-09-09'),
(42, 'LUFTHANSA', '1999-03-31'),
(43, 'LUFTHANSA', '1999-04-02'),
(44, 'LUFTHANSA', '1999-05-24'),
(45, 'LUFTHANSA', '1999-10-11'),
(46, 'LUFTHANSA', '1999-03-14'),
(47, 'LUFTHANSA', '2000-01-09'),
(48, 'LUFTHANSA', '1999-05-27'),
(49, 'LUFTHANSA', '1999-04-17'),
(50, 'BRITISH AIRWAYS', '1999-06-12'),
(51, 'BRITISH AIRWAYS', '1999-11-28'),
(52, 'BRITISH AIRWAYS', '1999-05-14'),
(53, 'BRITISH AIRWAYS', '1999-12-27'),
(54, 'BRITISH AIRWAYS', '1999-09-04'),
(55, 'BRITISH AIRWAYS', '1999-04-02'),
(56, 'BRITISH AIRWAYS', '1999-04-11'),
(57, 'BRITISH AIRWAYS', '1999-04-04'),
(58, 'BRITISH AIRWAYS', '1999-12-03'),
(59, 'BRITISH AIRWAYS', '1999-05-06'),
(60, 'BRITISH AIRWAYS', '1999-04-12'),
(61, 'BRITISH AIRWAYS', '1999-10-10'),
(62, 'BRITISH AIRWAYS', '1999-12-16'),
(63, 'BRITISH AIRWAYS', '2000-01-26'),
(64, 'BRITISH AIRWAYS', '1999-10-30'),
(65, 'BRITISH AIRWAYS', '1999-09-26'),
(66, 'BRITISH AIRWAYS', '1999-06-10'),
(67, 'BRITISH AIRWAYS', '1999-08-12'),
(68, 'BRITISH AIRWAYS', '1999-04-25'),
(69, 'BRITISH AIRWAYS', '1999-07-01'),
(70, 'BRITISH AIRWAYS', '1999-12-31'),
(71, 'BRITISH AIRWAYS', '1999-05-14'),
(72, 'BRITISH AIRWAYS', '1999-05-28'),
(73, 'BRITISH AIRWAYS', '1999-03-22'),
(74, 'BRITISH AIRWAYS', '1999-09-14'),
(75, 'BRITISH AIRWAYS', '1999-07-03'),
(76, 'BRITISH AIRWAYS', '1999-10-12'),
(77, 'BRITISH AIRWAYS', '2000-01-18'),
(78, 'BRITISH AIRWAYS', '1999-07-02'),
(79, 'BRITISH AIRWAYS', '1999-12-16'),
(80, 'BRITISH AIRWAYS', '1999-05-24'),
(81, 'BRITISH AIRWAYS', '1999-07-24'),
(82, 'BRITISH AIRWAYS', '1999-11-09'),
(83, 'BRITISH AIRWAYS', '1999-12-30'),
(84, 'BRITISH AIRWAYS', '2000-01-07'),
(85, 'BRITISH AIRWAYS', '1999-06-04'),
(86, 'BRITISH AIRWAYS', '1999-09-06'),
(87, 'BRITISH AIRWAYS', '1999-12-04'),
(88, 'BRITISH AIRWAYS', '2000-01-24'),
(89, 'BRITISH AIRWAYS', '1999-02-03'),
(90, 'BRITISH AIRWAYS', '1999-10-05'),
(91, 'BRITISH AIRWAYS', '1999-06-11'),
(92, 'BRITISH AIRWAYS', '1999-12-20'),
(93, 'BRITISH AIRWAYS', '1999-08-15'),
(94, 'BRITISH AIRWAYS', '1999-04-30'),
(95, 'BRITISH AIRWAYS', '1999-06-18'),
(96, 'BRITISH AIRWAYS', '1999-05-25'),
(97, 'BRITISH AIRWAYS', '1999-06-22'),
(98, 'BRITISH AIRWAYS', '1999-02-20'),
(99, 'BRITISH AIRWAYS', '1999-10-14'),
(100, 'BRITISH AIRWAYS', '1999-05-14'),
(101, 'BRITISH AIRWAYS', '1999-03-17'),
(102, 'BRITISH AIRWAYS', '1999-06-19'),
(103, 'BRITISH AIRWAYS', '1999-08-19'),
(104, 'BRITISH AIRWAYS', '1999-04-26'),
(105, 'BRITISH AIRWAYS', '1999-07-08'),
(106, 'BRITISH AIRWAYS', '1999-02-08'),
(107, 'BRITISH AIRWAYS', '1999-06-11'),
(108, 'BRITISH AIRWAYS', '1999-11-22'),
(109, 'BRITISH AIRWAYS', '1999-07-02'),
(110, 'BRITISH AIRWAYS', '2000-01-11'),
(111, 'BRITISH AIRWAYS', '1999-11-27'),
(112, 'BRITISH AIRWAYS', '1999-04-23'),
(113, 'BRITISH AIRWAYS', '1999-03-19'),
(114, 'BRITISH AIRWAYS', '1999-09-07'),
(115, 'BRITISH AIRWAYS', '1999-12-02'),
(116, 'BRITISH AIRWAYS', '1999-10-26'),
(117, 'BRITISH AIRWAYS', '1999-08-17'),
(118, 'BRITISH AIRWAYS', '1999-06-09'),
(119, 'BRITISH AIRWAYS', '2000-01-14'),
(120, 'BRITISH AIRWAYS', '1999-02-04'),
(121, 'BRITISH AIRWAYS', '1999-07-22'),
(122, 'BRITISH AIRWAYS', '1999-03-10'),
(123, 'BRITISH AIRWAYS', '1999-10-06'),
(124, 'BRITISH AIRWAYS', '1999-02-11'),
(125, 'BRITISH AIRWAYS', '1999-03-12'),
(126, 'BRITISH AIRWAYS', '1999-05-06'),
(127, 'BRITISH AIRWAYS', '1999-07-10'),
(128, 'BRITISH AIRWAYS', '1999-05-21'),
(129, 'BRITISH AIRWAYS', '1999-11-30'),
(130, 'AUSTRIAN AIRWAYS', '1999-07-18'),
(131, 'AUSTRIAN AIRWAYS', '1999-06-27'),
(132, 'AUSTRIAN AIRWAYS', '1999-04-19'),
(133, 'AUSTRIAN AIRWAYS', '1999-12-27'),
(134, 'AUSTRIAN AIRWAYS', '1999-03-12'),
(135, 'AUSTRIAN AIRWAYS', '1999-03-10'),
(136, 'AUSTRIAN AIRWAYS', '1999-11-25'),
(137, 'AUSTRIAN AIRWAYS', '1999-06-17'),
(138, 'AUSTRIAN AIRWAYS', '2000-01-13'),
(139, 'AUSTRIAN AIRWAYS', '1999-10-16'),
(140, 'AUSTRIAN AIRWAYS', '1999-06-27'),
(141, 'AUSTRIAN AIRWAYS', '1999-11-03'),
(142, 'AUSTRIAN AIRWAYS', '1999-02-24'),
(143, 'AUSTRIAN AIRWAYS', '1999-04-29'),
(144, 'AUSTRIAN AIRWAYS', '1999-04-24'),
(145, 'AUSTRIAN AIRWAYS', '1999-03-24'),
(146, 'AUSTRIAN AIRWAYS', '1999-05-22'),
(147, 'AUSTRIAN AIRWAYS', '1999-09-22'),
(148, 'AUSTRIAN AIRWAYS', '1999-04-03'),
(149, 'AUSTRIAN AIRWAYS', '1999-11-23'),
(150, 'AIR FRANCE', '2000-01-07'),
(151, 'AIR FRANCE', '1999-09-23'),
(152, 'AIR FRANCE', '1999-08-16'),
(153, 'AIR FRANCE', '1999-12-05'),
(154, 'AIR FRANCE', '1999-03-07'),
(155, 'AIR FRANCE', '1999-12-24'),
(156, 'AIR FRANCE', '1999-03-02'),
(157, 'AIR FRANCE', '1999-05-26'),
(158, 'AIR FRANCE', '1999-08-20'),
(159, 'AIR FRANCE', '1999-09-20'),
(160, 'AIR FRANCE', '1999-07-08'),
(161, 'AIR FRANCE', '1999-08-01'),
(162, 'AIR FRANCE', '1999-02-03'),
(163, 'AIR FRANCE', '1999-03-09'),
(164, 'AIR FRANCE', '1999-07-04'),
(165, 'AIR FRANCE', '1999-02-08'),
(166, 'AIR FRANCE', '1999-05-22'),
(167, 'AIR FRANCE', '2000-01-06'),
(168, 'AIR FRANCE', '1999-03-16'),
(169, 'AIR FRANCE', '1999-07-01'),
(170, 'AIR FRANCE', '1999-10-23'),
(171, 'AIR FRANCE', '1999-02-06'),
(172, 'AIR FRANCE', '2000-01-09'),
(173, 'AIR FRANCE', '1999-08-19'),
(174, 'AIR FRANCE', '1999-12-24'),
(175, 'AIR FRANCE', '1999-09-19'),
(176, 'AIR FRANCE', '1999-09-21'),
(177, 'AIR FRANCE', '1999-12-20'),
(178, 'AIR FRANCE', '1999-07-16'),
(179, 'AIR FRANCE', '1999-03-19'),
(180, 'AIR FRANCE', '1999-11-04'),
(181, 'AIR FRANCE', '1999-05-08'),
(182, 'AIR FRANCE', '1999-03-04'),
(183, 'AIR FRANCE', '1999-11-29'),
(184, 'AIR FRANCE', '1999-12-25'),
(185, 'AIR FRANCE', '1999-03-16'),
(186, 'AIR FRANCE', '1999-07-11'),
(187, 'AIR FRANCE', '1999-09-11'),
(188, 'AIR FRANCE', '2000-01-24'),
(189, 'AIR FRANCE', '1999-03-16'),
(190, 'AIR BERLIN', '1999-07-21'),
(191, 'AIR BERLIN', '2000-01-03'),
(192, 'AIR BERLIN', '1999-07-05'),
(193, 'AIR BERLIN', '1999-03-23'),
(194, 'AIR BERLIN', '1999-03-09'),
(195, 'AIR BERLIN', '2000-01-10'),
(196, 'AIR BERLIN', '1999-02-19'),
(197, 'AIR BERLIN', '1999-08-08'),
(198, 'AIR BERLIN', '1999-05-13'),
(199, 'AIR BERLIN', '1999-12-19');

-- --------------------------------------------------------

--
-- Table structure for table `buchung`
--

CREATE TABLE `buchung` (
  `fnr` int(11) NOT NULL,
  `panr` int(11) NOT NULL,
  `sitznr` int(11) DEFAULT NULL,
  `klasse` int(11) DEFAULT NULL,
  `preis` double DEFAULT NULL
) ENGINE=InnoDB DEFAULT CHARSET=utf8mb4;

--
-- Dumping data for table `buchung`
--

INSERT INTO `buchung` (`fnr`, `panr`, `sitznr`, `klasse`, `preis`) VALUES
(0, 66, 30, 2, 134),
(0, 197, 9, 2, 108),
(0, 314, 0, 2, 121),
(0, 520, 27, 2, 177),
(0, 521, 18, 2, 190),
(0, 616, 35, 2, 118),
(0, 671, 25, 2, 193),
(0, 744, 16, 2, 186),
(0, 756, 2, 2, 112),
(0, 819, 22, 2, 161),
(0, 826, 23, 2, 116),
(0, 880, 28, 2, 149),
(0, 961, 1, 2, 102),
(0, 986, 4, 2, 116),
(0, 993, 11, 2, 103),
(0, 999, 12, 1, 290),
(0, 1024, 8, 2, 163),
(0, 1039, 14, 1, 281),
(0, 1045, 33, 2, 169),
(0, 1145, 19, 2, 192),
(0, 1274, 31, 2, 172),
(0, 1303, 5, 2, 167),
(0, 1331, 13, 2, 183),
(0, 1406, 17, 1, 292),
(0, 1445, 10, 2, 155),
(0, 1475, 26, 2, 122),
(0, 1496, 29, 2, 192),
(0, 1535, 7, 2, 138),
(0, 1551, 32, 2, 168),
(0, 1553, 15, 2, 112),
(0, 1591, 24, 1, 265),
(0, 1807, 21, 2, 154),
(0, 1833, 34, 2, 108),
(0, 1890, 3, 2, 191),
(0, 1925, 6, 1, 394),
(0, 1926, 20, 2, 132),
(1, 11, 4, 2, 115),
(1, 91, 25, 2, 160),
(1, 461, 0, 2, 119),
(1, 504, 19, 1, 291),
(1, 547, 31, 2, 151),
(1, 560, 34, 2, 187),
(1, 567, 28, 1, 207),
(1, 568, 13, 2, 170),
(1, 611, 23, 1, 270),
(1, 667, 14, 2, 150),
(1, 833, 15, 2, 163),
(1, 836, 3, 1, 287),
(1, 857, 24, 2, 121),
(1, 1043, 26, 2, 170),
(1, 1047, 10, 2, 152),
(1, 1067, 11, 2, 137),
(1, 1069, 16, 2, 121),
(1, 1086, 30, 1, 341),
(1, 1174, 5, 2, 189),
(1, 1279, 12, 1, 268),
(1, 1318, 35, 1, 253),
(1, 1345, 20, 2, 151),
(1, 1355, 8, 2, 164),
(1, 1371, 7, 2, 145),
(1, 1478, 22, 2, 153),
(1, 1530, 17, 2, 163),
(1, 1628, 18, 2, 172),
(1, 1655, 2, 2, 163),
(1, 1709, 1, 2, 114),
(1, 1775, 9, 2, 145),
(1, 1812, 32, 2, 172),
(1, 1868, 6, 2, 153),
(1, 1873, 29, 2, 172),
(1, 1888, 21, 1, 222),
(1, 1895, 27, 1, 335),
(1, 1985, 33, 2, 175),
(2, 134, 2, 1, 352),
(2, 154, 7, 1, 283),
(2, 377, 15, 1, 309),
(2, 394, 17, 1, 399),
(2, 413, 20, 1, 378),
(2, 486, 13, 2, 169),
(2, 541, 25, 1, 399),
(2, 626, 11, 2, 164),
(2, 740, 3, 2, 155),
(2, 768, 10, 2, 117),
(2, 822, 9, 2, 166),
(2, 926, 23, 1, 253),
(2, 946, 6, 2, 178),
(2, 976, 4, 2, 129),
(2, 1017, 1, 2, 153),
(2, 1055, 5, 2, 198),
(2, 1101, 19, 2, 154),
(2, 1175, 12, 1, 242),
(2, 1205, 22, 1, 243),
(2, 1417, 8, 2, 193),
(2, 1456, 24, 2, 102),
(2, 1500, 26, 2, 123),
(2, 1595, 14, 2, 117),
(2, 1705, 21, 2, 152),
(2, 1741, 18, 1, 311),
(2, 1783, 16, 2, 189),
(2, 1907, 0, 2, 122),
(2, 1964, 27, 2, 107),
(3, 39, 16, 2, 192),
(3, 72, 10, 1, 329),
(3, 129, 25, 1, 265),
(3, 236, 9, 2, 154),
(3, 249, 6, 2, 133),
(3, 252, 4, 2, 109),
(3, 337, 12, 2, 176),
(3, 363, 5, 2, 165),
(3, 391, 7, 2, 130),
(3, 437, 14, 2, 120),
(3, 450, 20, 2, 137),
(3, 565, 24, 1, 398),
(3, 606, 19, 2, 122),
(3, 628, 3, 2, 172),
(3, 645, 13, 2, 155),
(3, 862, 15, 2, 107),
(3, 907, 18, 2, 171),
(3, 1053, 1, 2, 171),
(3, 1089, 23, 1, 392),
(3, 1138, 2, 1, 234),
(3, 1297, 26, 2, 131),
(3, 1429, 21, 2, 143),
(3, 1473, 22, 2, 104),
(3, 1482, 17, 2, 119),
(3, 1565, 11, 1, 233),
(3, 1666, 8, 2, 150),
(3, 1905, 0, 1, 351),
(4, 65, 22, 1, 275),
(4, 76, 6, 1, 349),
(4, 83, 20, 2, 146),
(4, 460, 0, 2, 133),
(4, 495, 8, 1, 332),
(4, 510, 24, 2, 123),
(4, 514, 9, 2, 198),
(4, 558, 10, 1, 344),
(4, 578, 5, 2, 136),
(4, 853, 18, 2, 158),
(4, 873, 14, 2, 186),
(4, 925, 2, 2, 180),
(4, 931, 13, 1, 238),
(4, 949, 21, 2, 192),
(4, 960, 12, 1, 382),
(4, 982, 19, 1, 246),
(4, 1240, 11, 2, 156),
(4, 1254, 17, 1, 282),
(4, 1258, 16, 2, 115),
(4, 1289, 4, 1, 212),
(4, 1645, 26, 2, 182),
(4, 1743, 3, 2, 128),
(4, 1773, 15, 2, 139),
(4, 1798, 23, 2, 111),
(4, 1823, 7, 2, 142),
(4, 1886, 1, 2, 134),
(4, 1976, 25, 2, 118),
(5, 9, 0, 2, 196),
(5, 280, 25, 2, 122),
(5, 285, 18, 1, 266),
(5, 376, 31, 1, 267),
(5, 407, 21, 2, 134),
(5, 599, 12, 2, 144),
(5, 607, 6, 2, 196),
(5, 714, 4, 2, 198),
(5, 769, 8, 2, 125),
(5, 813, 20, 2, 194),
(5, 817, 33, 2, 119),
(5, 821, 2, 2, 156),
(5, 891, 22, 2, 125),
(5, 928, 16, 1, 392),
(5, 944, 29, 1, 359),
(5, 1000, 26, 2, 184),
(5, 1026, 1, 2, 156),
(5, 1065, 14, 2, 116),
(5, 1076, 7, 2, 176),
(5, 1176, 11, 2, 109),
(5, 1178, 15, 2, 126),
(5, 1208, 9, 2, 143),
(5, 1231, 30, 1, 345),
(5, 1253, 27, 2, 138),
(5, 1260, 23, 2, 147),
(5, 1266, 3, 2, 181),
(5, 1344, 28, 2, 164),
(5, 1407, 13, 2, 112),
(5, 1421, 17, 1, 336),
(5, 1539, 24, 2, 110),
(5, 1647, 19, 1, 266),
(5, 1795, 32, 1, 237),
(5, 1856, 10, 2, 159),
(5, 1879, 5, 2, 167),
(6, 15, 30, 2, 124),
(6, 27, 8, 2, 123),
(6, 235, 2, 1, 203),
(6, 241, 18, 2, 138),
(6, 248, 3, 1, 330),
(6, 361, 24, 2, 159),
(6, 418, 11, 1, 326),
(6, 421, 7, 1, 242),
(6, 477, 14, 2, 192),
(6, 637, 35, 1, 333),
(6, 643, 17, 1, 297),
(6, 719, 33, 1, 243),
(6, 807, 34, 1, 276),
(6, 841, 4, 2, 169),
(6, 978, 15, 2, 146),
(6, 1038, 0, 2, 174),
(6, 1046, 23, 2, 127),
(6, 1125, 21, 2, 105),
(6, 1154, 31, 2, 106),
(6, 1166, 9, 2, 175),
(6, 1180, 13, 1, 393),
(6, 1200, 25, 2, 160),
(6, 1243, 10, 2, 177),
(6, 1245, 5, 2, 191),
(6, 1300, 1, 2, 158),
(6, 1301, 16, 2, 162),
(6, 1351, 22, 1, 272),
(6, 1437, 20, 1, 354),
(6, 1723, 26, 2, 191),
(6, 1787, 28, 2, 125),
(6, 1821, 29, 2, 151),
(6, 1846, 27, 2, 181),
(6, 1877, 19, 2, 192),
(6, 1909, 32, 2, 142),
(6, 1942, 12, 2, 166),
(6, 1971, 6, 2, 179),
(7, 89, 20, 1, 273),
(7, 254, 16, 1, 203),
(7, 368, 23, 1, 264),
(7, 375, 1, 1, 377),
(7, 410, 24, 2, 106),
(7, 427, 26, 2, 115),
(7, 433, 4, 2, 181),
(7, 590, 25, 2, 116),
(7, 592, 2, 2, 152),
(7, 595, 15, 1, 357),
(7, 750, 7, 2, 105),
(7, 870, 27, 2, 125),
(7, 1094, 21, 2, 104),
(7, 1132, 13, 1, 284),
(7, 1189, 5, 1, 326),
(7, 1269, 9, 2, 148),
(7, 1329, 10, 2, 187),
(7, 1380, 18, 2, 169),
(7, 1657, 11, 1, 341),
(7, 1704, 6, 2, 190),
(7, 1715, 12, 2, 127),
(7, 1724, 0, 2, 170),
(7, 1760, 17, 1, 397),
(7, 1822, 14, 2, 144),
(7, 1867, 22, 2, 109),
(7, 1929, 8, 1, 219),
(7, 1936, 19, 2, 172),
(7, 1978, 3, 2, 196),
(8, 124, 5, 2, 117),
(8, 136, 4, 1, 261),
(8, 231, 8, 2, 162),
(8, 468, 11, 2, 193),
(8, 537, 3, 2, 122),
(8, 703, 7, 2, 106),
(8, 742, 20, 1, 203),
(8, 920, 2, 1, 299),
(8, 923, 19, 1, 342),
(8, 1007, 10, 2, 107),
(8, 1085, 12, 2, 148),
(8, 1109, 0, 1, 299),
(8, 1229, 17, 2, 163),
(8, 1261, 15, 1, 383),
(8, 1265, 18, 1, 311),
(8, 1282, 14, 2, 183),
(8, 1309, 9, 2, 127),
(8, 1415, 16, 1, 233),
(8, 1577, 1, 2, 131),
(8, 1693, 13, 1, 363),
(8, 1972, 6, 2, 149),
(9, 37, 3, 1, 384),
(9, 43, 16, 2, 179),
(9, 409, 13, 2, 108),
(9, 432, 8, 2, 125),
(9, 559, 10, 2, 127),
(9, 639, 9, 2, 171),
(9, 812, 0, 2, 134),
(9, 897, 18, 2, 195),
(9, 1030, 15, 1, 382),
(9, 1040, 1, 1, 358),
(9, 1234, 4, 1, 395),
(9, 1268, 7, 2, 195),
(9, 1320, 14, 2, 137),
(9, 1336, 20, 2, 195),
(9, 1468, 23, 1, 276),
(9, 1519, 6, 2, 177),
(9, 1541, 19, 2, 116),
(9, 1567, 21, 2, 118),
(9, 1594, 5, 2, 190),
(9, 1622, 12, 1, 345),
(9, 1629, 2, 1, 250),
(9, 1840, 22, 2, 128),
(9, 1934, 17, 1, 390),
(9, 1946, 11, 2, 196),
(10, 28, 18, 2, 191),
(10, 108, 9, 2, 189),
(10, 114, 14, 1, 282),
(10, 192, 8, 2, 130),
(10, 253, 13, 2, 168),
(10, 367, 17, 2, 105),
(10, 563, 11, 2, 123),
(10, 566, 16, 2, 113),
(10, 575, 5, 2, 172),
(10, 625, 19, 1, 346),
(10, 776, 15, 2, 184),
(10, 917, 6, 1, 332),
(10, 918, 7, 2, 118),
(10, 951, 2, 2, 165),
(10, 1058, 20, 2, 167),
(10, 1448, 12, 2, 193),
(10, 1533, 4, 2, 152),
(10, 1557, 3, 2, 108),
(10, 1763, 0, 2, 175),
(10, 1892, 10, 1, 273),
(10, 1958, 1, 2, 157),
(11, 173, 0, 2, 130),
(11, 187, 3, 2, 179),
(11, 258, 1, 2, 163),
(11, 263, 10, 2, 145),
(11, 612, 16, 2, 109),
(11, 653, 6, 2, 153),
(11, 658, 4, 2, 194),
(11, 962, 19, 1, 388),
(11, 1155, 11, 1, 331),
(11, 1267, 12, 1, 396),
(11, 1347, 2, 2, 151),
(11, 1379, 14, 2, 158),
(11, 1501, 9, 2, 129),
(11, 1509, 8, 2, 160),
(11, 1546, 7, 2, 145),
(11, 1649, 5, 2, 150),
(11, 1679, 17, 1, 345),
(11, 1692, 20, 2, 130),
(11, 1786, 13, 1, 244),
(11, 1899, 18, 2, 179),
(11, 1920, 15, 2, 134),
(12, 34, 11, 1, 355),
(12, 161, 5, 2, 197),
(12, 240, 25, 2, 142),
(12, 344, 18, 2, 189),
(12, 395, 23, 2, 111),
(12, 516, 6, 2, 162),
(12, 531, 22, 2, 159),
(12, 534, 16, 1, 210),
(12, 550, 20, 2, 194),
(12, 613, 0, 2, 106),
(12, 679, 2, 1, 388),
(12, 685, 28, 2, 185),
(12, 700, 34, 2, 171),
(12, 726, 26, 1, 399),
(12, 845, 24, 2, 116),
(12, 874, 7, 2, 155),
(12, 947, 17, 2, 127),
(12, 1071, 31, 2, 185),
(12, 1115, 13, 1, 241),
(12, 1139, 10, 2, 181),
(12, 1186, 29, 2, 153),
(12, 1273, 3, 2, 157),
(12, 1284, 15, 1, 278),
(12, 1306, 33, 1, 262),
(12, 1477, 8, 2, 157),
(12, 1491, 30, 2, 126),
(12, 1502, 32, 2, 137),
(12, 1552, 19, 2, 189),
(12, 1697, 9, 2, 125),
(12, 1711, 21, 2, 141),
(12, 1770, 14, 2, 100),
(12, 1790, 4, 2, 132),
(12, 1813, 12, 2, 193),
(12, 1828, 27, 1, 271),
(12, 1977, 1, 1, 239),
(13, 148, 2, 1, 304),
(13, 164, 3, 2, 145),
(13, 204, 10, 2, 138),
(13, 217, 18, 2, 112),
(13, 268, 0, 1, 235),
(13, 378, 24, 1, 284),
(13, 380, 16, 2, 162),
(13, 384, 20, 1, 350),
(13, 487, 25, 2, 119),
(13, 576, 27, 2, 161),
(13, 680, 5, 1, 374),
(13, 699, 23, 2, 122),
(13, 709, 13, 1, 320),
(13, 717, 9, 2, 178),
(13, 751, 1, 2, 189),
(13, 847, 22, 2, 151),
(13, 910, 4, 2, 105),
(13, 1005, 15, 2, 145),
(13, 1080, 11, 2, 165),
(13, 1241, 26, 2, 195),
(13, 1246, 12, 2, 122),
(13, 1324, 8, 2, 181),
(13, 1427, 17, 2, 198),
(13, 1454, 21, 2, 196),
(13, 1457, 6, 2, 105),
(13, 1493, 14, 1, 298),
(13, 1641, 7, 1, 271),
(13, 1810, 19, 2, 189),
(14, 3, 5, 2, 176),
(14, 118, 12, 1, 283),
(14, 212, 16, 2, 186),
(14, 278, 20, 1, 332),
(14, 416, 8, 2, 155),
(14, 488, 0, 2, 101),
(14, 793, 21, 2, 140),
(14, 981, 18, 2, 102),
(14, 987, 17, 2, 137),
(14, 989, 3, 2, 143),
(14, 1060, 2, 1, 359),
(14, 1137, 9, 1, 299),
(14, 1147, 15, 2, 162),
(14, 1263, 1, 2, 116),
(14, 1343, 14, 1, 320),
(14, 1515, 6, 1, 282),
(14, 1574, 11, 1, 383),
(14, 1632, 13, 1, 258),
(14, 1707, 7, 1, 211),
(14, 1764, 19, 2, 160),
(14, 1896, 10, 2, 130),
(14, 1915, 4, 2, 140),
(15, 58, 11, 1, 242),
(15, 123, 23, 1, 365),
(15, 147, 29, 2, 157),
(15, 342, 0, 2, 118),
(15, 357, 8, 2, 171),
(15, 374, 3, 2, 146),
(15, 389, 25, 1, 216),
(15, 470, 13, 2, 199),
(15, 523, 26, 2, 111),
(15, 634, 12, 2, 120),
(15, 657, 15, 1, 359),
(15, 716, 18, 1, 236),
(15, 765, 30, 2, 173),
(15, 798, 5, 2, 125),
(15, 881, 21, 1, 358),
(15, 972, 19, 2, 197),
(15, 1035, 28, 1, 340),
(15, 1061, 4, 1, 336),
(15, 1095, 20, 1, 273),
(15, 1136, 2, 2, 154),
(15, 1149, 24, 2, 110),
(15, 1232, 22, 2, 118),
(15, 1401, 14, 2, 135),
(15, 1443, 9, 2, 131),
(15, 1465, 16, 2, 153),
(15, 1513, 7, 2, 148),
(15, 1614, 27, 2, 160),
(15, 1662, 10, 2, 113),
(15, 1793, 1, 2, 191),
(15, 1809, 6, 2, 164),
(15, 1848, 17, 2, 174),
(16, 11, 6, 2, 143.75),
(16, 91, 27, 2, 200),
(16, 461, 2, 2, 148.75),
(16, 547, 33, 2, 188.75),
(16, 611, 25, 1, 337.5),
(16, 667, 16, 2, 187.5),
(16, 833, 17, 2, 203.75),
(16, 857, 26, 2, 151.25),
(17, 377, 17, 1, 386.25),
(17, 413, 22, 1, 472.5),
(17, 541, 27, 1, 498.75),
(18, 337, 14, 2, 220),
(18, 391, 9, 2, 162.5),
(18, 437, 16, 2, 150),
(18, 907, 20, 2, 213.75),
(19, 83, 22, 2, 182.5),
(19, 853, 20, 2, 197.5),
(19, 931, 15, 1, 297.5),
(19, 949, 23, 2, 240),
(20, 407, 23, 2, 167.5),
(20, 599, 14, 2, 180),
(20, 607, 8, 2, 245),
(20, 769, 10, 2, 156.25),
(20, 817, 35, 2, 148.75),
(20, 821, 4, 2, 195),
(21, 241, 20, 2, 172.5),
(21, 361, 26, 2, 198.75),
(21, 421, 9, 1, 302.5),
(21, 637, 37, 1, 416.25),
(21, 643, 19, 1, 371.25),
(21, 719, 35, 1, 303.75),
(21, 841, 6, 2, 211.25),
(22, 89, 22, 1, 341.25),
(22, 427, 28, 2, 143.75),
(22, 433, 6, 2, 226.25),
(23, 703, 9, 2, 132.5),
(23, 923, 21, 1, 427.5),
(24, 37, 5, 1, 480),
(24, 43, 18, 2, 223.75),
(24, 409, 15, 2, 135),
(24, 559, 12, 2, 158.75),
(25, 253, 15, 2, 210),
(25, 367, 19, 2, 131.25),
(25, 563, 13, 2, 153.75),
(25, 917, 8, 1, 415),
(26, 173, 2, 2, 162.5),
(26, 187, 5, 2, 223.75),
(26, 263, 12, 2, 181.25),
(26, 653, 8, 2, 191.25),
(27, 161, 7, 2, 246.25),
(27, 613, 2, 2, 132.5),
(27, 679, 4, 1, 485),
(27, 947, 19, 2, 158.75),
(28, 217, 20, 2, 140),
(28, 487, 27, 2, 148.75),
(28, 709, 15, 1, 400),
(28, 751, 3, 2, 236.25),
(28, 847, 24, 2, 188.75),
(29, 793, 23, 2, 175),
(29, 989, 5, 2, 178.75),
(30, 389, 27, 1, 270),
(30, 523, 28, 2, 138.75),
(30, 881, 23, 1, 447.5);

-- --------------------------------------------------------

--
-- Table structure for table `flug`
--

CREATE TABLE `flug` (
  `fnr` int(11) NOT NULL,
  `dauer` int(11) DEFAULT NULL,
  `start_in` varchar(30) DEFAULT NULL,
  `ziel` varchar(30) DEFAULT NULL,
  `datum` timestamp NOT NULL DEFAULT current_timestamp() ON UPDATE current_timestamp(),
  `fznr` int(11) DEFAULT NULL,
  `pinr` int(11) DEFAULT NULL
) ENGINE=InnoDB DEFAULT CHARSET=utf8mb4;

--
-- Dumping data for table `flug`
--

INSERT INTO `flug` (`fnr`, `dauer`, `start_in`, `ziel`, `datum`, `fznr`, `pinr`) VALUES
(0, 2, 'London', 'Berlin', '2000-04-01 03:00:00', 192, 0),
(1, 5, 'Nairobi', 'Sydney', '2000-05-17 05:00:00', 199, 1),
(2, 6, 'Sydney', 'Dublin', '2000-05-17 10:00:00', 199, 1),
(3, 6, 'Dublin', 'Sydney', '2000-05-17 16:00:00', 199, 1),
(4, 5, 'Warschau', 'Marseille', '2000-05-30 08:00:00', 198, 2),
(5, 8, 'Marseille', 'Buenos Aires', '2000-05-30 13:00:00', 198, 2),
(6, 4, 'London', 'Boston', '2000-05-30 21:00:00', 198, 2),
(7, 8, 'London', 'Boston', '2000-05-24 05:00:00', 197, 3),
(8, 8, 'Koeln-Bonn', 'Buenos Aires', '2000-05-24 13:00:00', 197, 3),
(9, 8, 'Buenos Aires', 'Boston', '2000-05-24 21:00:00', 197, 3),
(10, 7, 'Oslo', 'Kairo', '2000-06-04 15:00:00', 196, 4),
(11, 5, 'Kairo', 'Denver', '2000-06-04 22:00:00', 196, 4),
(12, 8, 'Denver', 'Sharm el Sheik', '2000-06-05 03:00:00', 196, 4),
(13, 6, 'New York', 'Bagdad', '2000-05-14 00:00:00', 195, 5),
(14, 4, 'Bagdad', 'Montreal', '2000-05-14 06:00:00', 195, 5),
(15, 4, 'Montreal', 'Kapstadt', '2000-05-14 10:00:00', 195, 5),
(16, 5, 'Nairobi', 'Berlin', '2000-05-17 05:00:00', 189, 6),
(17, 6, 'Sydney', 'Berlin', '2000-05-17 10:00:00', 189, 6),
(18, 6, 'Dublin', 'Frankfurt', '2000-05-17 16:00:00', 189, 6),
(19, 5, 'Warschau', 'Berlin', '2000-05-30 08:00:00', 188, 7),
(20, 8, 'Marseille', 'Berlin', '2000-05-30 13:00:00', 188, 7),
(21, 4, 'Buenos Aires', 'Berlin', '2000-05-30 21:00:00', 188, 7),
(22, 8, 'London', 'Buenos Aires', '2000-05-24 05:00:00', 187, 8),
(23, 1, 'Koeln-Bonn', 'Berlin', '2000-05-24 13:00:00', 187, 8),
(24, 8, 'Buenos Aires', 'Berlin', '2000-05-24 21:00:00', 187, 8),
(25, 7, 'Oslo', 'Paris', '2000-06-04 15:00:00', 186, 9),
(26, 5, 'Kairo', 'Paris', '2000-06-04 22:00:00', 186, 9),
(27, 8, 'Denver', 'London', '2000-06-05 03:00:00', 186, 9),
(28, 6, 'New York', 'London', '2000-05-14 00:00:00', 185, 10),
(29, 4, 'Bagdad', 'Berlin', '2000-05-14 06:00:00', 185, 10),
(30, 4, 'Montreal', 'Berlin', '2000-05-14 10:00:00', 185, 10);

-- --------------------------------------------------------

--
-- Table structure for table `fztyp`
--

CREATE TABLE `fztyp` (
  `typ` varchar(30) NOT NULL,
  `geschw` double DEFAULT NULL,
  `sitze` int(11) DEFAULT NULL
) ENGINE=InnoDB DEFAULT CHARSET=utf8mb4;

--
-- Dumping data for table `fztyp`
--

INSERT INTO `fztyp` (`typ`, `geschw`, `sitze`) VALUES
('Airbus A300-600', 855, 270),
('Airbus A310', 875, 222),
('Airbus A319', 890, 126),
('Airbus A320', 850, 150),
('Airbus A321', 970, 182),
('Airbus A340-200', 870, 212),
('Airbus A340-300', 870, 247),
('Boeing 737-300', 855, 123),
('Boeing 737-500', 860, 103),
('Boeing 747-400', 890, 390),
('Boeing 757-200', 920, 217),
('Boeing 767', 960, 269),
('Concorde', 2400, 126);

-- --------------------------------------------------------

--
-- Table structure for table `gesell`
--

CREATE TABLE `gesell` (
  `gesell_bez` varchar(30) NOT NULL,
  `land` varchar(30) DEFAULT NULL,
  `hauptsitz` varchar(30) DEFAULT NULL
) ENGINE=InnoDB DEFAULT CHARSET=utf8mb4;

--
-- Dumping data for table `gesell`
--

INSERT INTO `gesell` (`gesell_bez`, `land`, `hauptsitz`) VALUES
('AIR BERLIN', 'GER', 'Berlin'),
('AIR FRANCE', 'FRA', 'Paris'),
('AUSTRIAN AIRWAYS', 'AUS', 'Wien'),
('BRITISH AIRWAYS', 'UK', 'London'),
('LUFTHANSA', 'GER', 'Frankfurt a.M.');

-- --------------------------------------------------------

--
-- Table structure for table `maschine`
--

CREATE TABLE `maschine` (
  `fznr` int(11) NOT NULL,
  `kontr` date DEFAULT NULL,
  `typ` varchar(30) DEFAULT NULL
) ENGINE=InnoDB DEFAULT CHARSET=utf8mb4;

--
-- Dumping data for table `maschine`
--

INSERT INTO `maschine` (`fznr`, `kontr`, `typ`) VALUES
(0, '1999-10-27', 'Airbus A310'),
(1, '1999-08-16', 'Airbus A340-300'),
(2, '1999-04-21', 'Airbus A321'),
(3, '1999-04-27', 'Airbus A300-600'),
(4, '1999-11-26', 'Airbus A300-600'),
(5, '1999-06-23', 'Airbus A321'),
(6, '1999-02-05', 'Boeing 757-200'),
(7, '2000-09-18', 'Boeing 757-200'),
(8, '2000-11-20', 'Concorde'),
(9, '2000-12-08', 'Boeing 757-200'),
(10, '1998-09-05', 'Airbus A300-600'),
(11, '2000-09-06', 'Airbus A320'),
(12, '1999-04-27', 'Airbus A340-300'),
(13, '1999-10-24', 'Airbus A320'),
(14, '2000-05-30', 'Concorde'),
(15, '2001-01-07', 'Airbus A310'),
(16, '1999-11-14', 'Boeing 747-400'),
(17, '2000-02-27', 'Airbus A320'),
(18, '2000-12-23', 'Airbus A340-300'),
(19, '2000-09-12', 'Boeing 737-500'),
(20, '1999-06-11', 'Airbus A340-300'),
(21, '1998-03-30', 'Airbus A319'),
(22, '1998-12-19', 'Concorde'),
(23, '1998-03-09', 'Boeing 737-300'),
(24, '2000-06-02', 'Airbus A340-200'),
(25, '1999-05-30', 'Concorde'),
(26, '1998-06-16', 'Airbus A340-200'),
(27, '1999-03-28', 'Airbus A340-300'),
(28, '2000-08-01', 'Airbus A310'),
(29, '1999-06-23', 'Airbus A319'),
(30, '1998-02-19', 'Airbus A319'),
(31, '1999-12-23', 'Boeing 737-500'),
(32, '1999-07-08', 'Boeing 747-400'),
(33, '1998-12-10', 'Boeing 757-200'),
(34, '1999-08-01', 'Airbus A320'),
(35, '2000-11-02', 'Airbus A320'),
(36, '1998-11-25', 'Airbus A319'),
(37, '1998-04-11', 'Airbus A320'),
(38, '1998-09-26', 'Airbus A320'),
(39, '2000-04-15', 'Concorde'),
(40, '1998-07-25', 'Boeing 767'),
(41, '1998-12-07', 'Boeing 747-400'),
(42, '1999-12-17', 'Boeing 757-200'),
(43, '1998-06-22', 'Airbus A319'),
(44, '1998-12-22', 'Airbus A340-300'),
(45, '1999-09-09', 'Boeing 767'),
(46, '2000-04-06', 'Boeing 757-200'),
(47, '2000-09-15', 'Airbus A321'),
(48, '1999-11-08', 'Boeing 737-500'),
(49, '2000-08-04', 'Concorde'),
(50, '1999-07-02', 'Airbus A340-300'),
(51, '1998-10-17', 'Airbus A340-300'),
(52, '1999-10-21', 'Boeing 737-500'),
(53, '2000-01-07', 'Airbus A340-200'),
(54, '2000-04-21', 'Airbus A340-200'),
(55, '1999-01-03', 'Airbus A340-300'),
(56, '1999-01-27', 'Boeing 757-200'),
(57, '2000-03-01', 'Concorde'),
(58, '1998-05-23', 'Airbus A340-200'),
(59, '1998-05-20', 'Airbus A340-300'),
(60, '1999-11-17', 'Airbus A321'),
(61, '2000-04-24', 'Boeing 737-300'),
(62, '1999-05-18', 'Boeing 737-300'),
(63, '1998-11-04', 'Airbus A300-600'),
(64, '1999-11-11', 'Airbus A310'),
(65, '1998-09-26', 'Airbus A320'),
(66, '2000-09-06', 'Airbus A340-300'),
(67, '1999-04-30', 'Airbus A321'),
(68, '2000-11-08', 'Boeing 737-500'),
(69, '1999-08-19', 'Boeing 737-500'),
(70, '1998-12-31', 'Boeing 767'),
(71, '2000-08-01', 'Airbus A320'),
(72, '1999-03-10', 'Airbus A300-600'),
(73, '2000-01-10', 'Airbus A340-200'),
(74, '1999-03-22', 'Airbus A340-200'),
(75, '1998-08-03', 'Boeing 747-400'),
(76, '1998-03-15', 'Airbus A310'),
(77, '2000-03-28', 'Boeing 737-500'),
(78, '2000-07-02', 'Boeing 757-200'),
(79, '2000-01-22', 'Airbus A319'),
(80, '1999-10-27', 'Airbus A310'),
(81, '1999-06-17', 'Airbus A340-300'),
(82, '2000-07-02', 'Airbus A340-200'),
(83, '2000-08-31', 'Boeing 737-300'),
(84, '1999-04-15', 'Airbus A321'),
(85, '1998-08-24', 'Boeing 737-300'),
(86, '2000-09-15', 'Boeing 767'),
(87, '1998-11-01', 'Boeing 737-300'),
(88, '1998-04-29', 'Boeing 757-200'),
(89, '2000-08-10', 'Airbus A321'),
(90, '1999-12-02', 'Airbus A310'),
(91, '1998-08-21', 'Airbus A310'),
(92, '2000-03-01', 'Airbus A321'),
(93, '2000-01-01', 'Concorde'),
(94, '2001-01-13', 'Boeing 737-300'),
(95, '1999-12-20', 'Airbus A340-200'),
(96, '2000-03-13', 'Boeing 737-500'),
(97, '1999-07-14', 'Boeing 737-500'),
(98, '2000-09-18', 'Boeing 767'),
(99, '1999-10-12', 'Boeing 737-500'),
(100, '1999-04-12', 'Airbus A310'),
(101, '2000-08-07', 'Boeing 747-400'),
(102, '1998-02-25', 'Boeing 757-200'),
(103, '1999-11-05', 'Boeing 737-300'),
(104, '1998-02-01', 'Airbus A321'),
(105, '1998-06-13', 'Airbus A319'),
(106, '2000-06-08', 'Airbus A300-600'),
(107, '1999-10-18', 'Concorde'),
(108, '2000-09-09', 'Concorde'),
(109, '1999-10-24', 'Airbus A320'),
(110, '1999-09-06', 'Airbus A320'),
(111, '1999-02-17', 'Airbus A319'),
(112, '1998-03-12', 'Boeing 737-300'),
(113, '2000-05-09', 'Concorde'),
(114, '1998-12-22', 'Airbus A340-200'),
(115, '1998-11-07', 'Airbus A340-200'),
(116, '1999-08-10', 'Airbus A319'),
(117, '1999-08-07', 'Boeing 767'),
(118, '2000-09-27', 'Boeing 737-500'),
(119, '1999-08-22', 'Concorde'),
(120, '1998-07-28', 'Boeing 747-400'),
(121, '1999-05-12', 'Airbus A319'),
(122, '1998-07-16', 'Airbus A340-300'),
(123, '1998-10-05', 'Airbus A340-300'),
(124, '1999-06-14', 'Airbus A319'),
(125, '2000-02-06', 'Airbus A320'),
(126, '2001-01-04', 'Airbus A321'),
(127, '1998-03-30', 'Airbus A320'),
(128, '2000-11-26', 'Airbus A310'),
(129, '1998-12-19', 'Airbus A319'),
(130, '2000-08-22', 'Airbus A319'),
(131, '2000-07-23', 'Boeing 737-300'),
(132, '2000-11-11', 'Boeing 757-200'),
(133, '2000-09-30', 'Airbus A320'),
(134, '2000-01-10', 'Boeing 737-300'),
(135, '1998-04-02', 'Boeing 767'),
(136, '1999-01-30', 'Boeing 747-400'),
(137, '2000-09-15', 'Boeing 737-500'),
(138, '2000-08-19', 'Airbus A310'),
(139, '1999-03-22', 'Boeing 767'),
(140, '1999-03-04', 'Airbus A321'),
(141, '2000-02-15', 'Boeing 757-200'),
(142, '2000-06-26', 'Airbus A340-200'),
(143, '2000-11-26', 'Airbus A319'),
(144, '2000-05-15', 'Concorde'),
(145, '1999-11-29', 'Airbus A300-600'),
(146, '1998-06-01', 'Airbus A340-200'),
(147, '2000-09-15', 'Boeing 747-400'),
(148, '1999-11-23', 'Boeing 737-300'),
(149, '1998-06-28', 'Airbus A310'),
(150, '2000-09-18', 'Airbus A340-300'),
(151, '1998-05-11', 'Airbus A340-200'),
(152, '1999-04-24', 'Airbus A319'),
(153, '2000-03-28', 'Airbus A340-300'),
(154, '2000-06-14', 'Boeing 737-300'),
(155, '1998-10-23', 'Concorde'),
(156, '2000-09-18', 'Airbus A310'),
(157, '1998-08-21', 'Airbus A300-600'),
(158, '1999-10-06', 'Airbus A321'),
(159, '1999-08-19', 'Airbus A300-600'),
(160, '2000-05-18', 'Boeing 737-300'),
(161, '2000-08-10', 'Airbus A340-300'),
(162, '1998-02-01', 'Airbus A340-300'),
(163, '1999-11-29', 'Boeing 737-300'),
(164, '1999-03-07', 'Boeing 737-500'),
(165, '2000-01-19', 'Airbus A300-600'),
(166, '2000-03-16', 'Boeing 737-500'),
(167, '2000-08-10', 'Boeing 767'),
(168, '1999-05-24', 'Airbus A310'),
(169, '2000-06-08', 'Boeing 737-500'),
(170, '1998-07-31', 'Airbus A340-300'),
(171, '2000-06-02', 'Boeing 747-400'),
(172, '1999-04-06', 'Boeing 747-400'),
(173, '1998-05-26', 'Boeing 767'),
(174, '2000-11-20', 'Boeing 747-400'),
(175, '2000-08-25', 'Airbus A300-600'),
(176, '1998-08-15', 'Boeing 767'),
(177, '1998-08-24', 'Boeing 767'),
(178, '1998-04-17', 'Airbus A320'),
(179, '1999-08-07', 'Airbus A310'),
(180, '2000-06-26', 'Boeing 737-300'),
(181, '2000-05-24', 'Airbus A321'),
(182, '1998-10-23', 'Airbus A310'),
(183, '1998-05-08', 'Airbus A319'),
(184, '1999-02-05', 'Airbus A300-600'),
(185, '2000-08-16', 'Boeing 747-400'),
(186, '2000-05-30', 'Airbus A310'),
(187, '2000-02-24', 'Boeing 747-400'),
(188, '2000-04-27', 'Airbus A321'),
(189, '1998-04-17', 'Airbus A300-600'),
(190, '2000-09-15', 'Airbus A321'),
(191, '1999-08-16', 'Airbus A340-300'),
(192, '1999-04-21', 'Boeing 757-200'),
(193, '1998-06-01', 'Airbus A319'),
(194, '2000-05-09', 'Boeing 767'),
(195, '1999-09-24', 'Boeing 747-400'),
(196, '1999-01-27', 'Airbus A320'),
(197, '1998-07-22', 'Boeing 757-200'),
(198, '1999-03-31', 'Concorde'),
(199, '2000-08-31', 'Airbus A319');

-- --------------------------------------------------------

--
-- Table structure for table `passagier`
--

CREATE TABLE `passagier` (
  `panr` int(11) NOT NULL,
  `name` varchar(50) DEFAULT NULL,
  `adresse` varchar(150) DEFAULT NULL,
  `gebdat` date DEFAULT NULL
) ENGINE=InnoDB DEFAULT CHARSET=utf8mb4;

--
-- Dumping data for table `passagier`
--

INSERT INTO `passagier` (`panr`, `name`, `adresse`, `gebdat`) VALUES
(1, 'Margarete Harzendorf', 'Neugasse 42, 13509 Berlin', '1942-01-02'),
(7, 'Anna Meister', 'Abteigraben 24, 67829 Schmittweiler', '1951-07-20'),
(11, 'Maria Langer', 'Dammstrasse 15, 01896 Pulsnitz', '1955-11-15'),
(13, 'Joachim Reichel', 'Altallee 21, 01689 Niederau', '1955-11-09'),
(17, 'Lisa Gelfert', 'Ringberg 2, 55767 Rinzenberg', '1957-05-08'),
(19, 'Rainer Langer', 'Dammberg 2, 14469 Potsdam', '1974-10-09'),
(23, 'Betty Paufler', 'Ulmenufer 16, 23568 Luebeck', '1976-02-22'),
(29, 'Martin Berger', 'Knappensiedlung 20, 54522 Udler', '1980-05-04'),
(31, 'Lutz Fruehauf', 'Abteigraben 34, 68199 Mannheim', '1971-04-04'),
(37, 'Katrin Kache', 'Abteiufer 24, 01689 Niederau', '1931-08-28'),
(41, 'Emil Engel', 'Schubertsiedlung 35, 47802 Krefeld', '1962-06-20'),
(43, 'Karin Bunzel', 'Dammweg 37, 07613 Nickelsdorf', '1945-07-06'),
(47, 'Ernst Neumann', 'Bleichallee 34, 51643 Gummersbach', '1971-09-13'),
(49, 'Oliver Schulz', 'Landsiedlung 46, 76149 Karlsruhe', '1972-03-12'),
(53, 'Emil Paufler', 'Ringgasse 13, 47802 Krefeld', '1940-09-08'),
(59, 'Helmut Geigenfeind', 'Buchenufer 6, 13509 Berlin', '1935-12-31'),
(61, 'Katrin Meier', 'Dreibruedergasse 43, 27472 Cuxhaven', '1958-12-26'),
(67, 'Maria Plewe', 'Martinufer 27, 13509 Berlin', '1970-10-04'),
(71, 'Anna Kersten', 'Herrmannufer 24, 70734 Fellbach', '1958-12-05'),
(73, 'Werner Illing', 'Brueckengasse 8, 03055 Sielow', '1973-04-08'),
(77, 'Rainer Kunze', 'Elisenallee 36, 49811 Lingen', '1940-11-13'),
(79, 'Dana Pfanne', 'Teichgasse 19, 55126 Mainz', '1974-12-30'),
(83, 'Wolfgang Moeller', 'Poelitzufer 38, 46395 Bocholt', '1982-02-23'),
(89, 'Jan Krone', 'Westsiedlung 39, 44807 Bochum', '1960-01-05'),
(91, 'Frank Pietzsch', 'Buchensiedlung 25, 76149 Karlsruhe', '1955-08-08'),
(97, 'Ernst Timmel', 'Buchengasse 25, 46395 Bocholt', '1980-05-23'),
(101, 'Hilda Moeller', 'Bleichstrasse 49, 29227 Celle', '1937-02-03'),
(103, 'Peter Raschke', 'Braugraben 6, 33619 Bielefeld', '1984-11-24'),
(107, 'Ingrid Kretschel', 'Pappelgasse 50, 76149 Karlsruhe', '1969-12-21'),
(109, 'Edmund Huber', 'Angerstrasse 16, 64291 Darmastadt', '1957-08-28'),
(113, 'Gerhard Griebel', 'Eichenufer 26, 17449 Trassenheide', '1979-02-07'),
(119, 'Erik Brink', 'Seeufer 30, 09366 Stollberg', '1958-03-12'),
(121, 'Erna Schmidt', 'Ostgasse 6, 47802 Krefeld', '1941-09-27'),
(127, 'Isabelle Griebel', 'Sonnenweg 31, 50127 Bergheim', '1981-05-23'),
(131, 'Erna Weise', 'Sonnengasse 26, 45966 Gladbeck', '1955-10-24'),
(133, 'Swen Mehnert', 'Martinweg 1, 01069 Dresden', '1941-02-11'),
(137, 'Jim Neumeister', 'Dreibruederstrasse 11, 09353 Oberlungwitz', '1932-06-11'),
(139, 'Kurt Gruner', 'Buchengasse 47, 76149 Karlsruhe', '1947-04-06'),
(143, 'Lenore Mueller', 'Goldbachweg 13, 44629 Herne', '1959-01-20'),
(149, 'Jana Raschke', 'Bahnhofgasse 20, 27472 Cuxhaven', '1961-10-21'),
(151, 'Ursula Meister', 'Herrenweg 39, 01896 Pulsnitz', '1972-11-17'),
(157, 'Marsell Gaudl', 'Glueckaufgraben 31, 53113 Bonn', '1952-12-18'),
(161, 'Ingrid Escher', 'Dreibruedersiedlung 28, 83022 Rosenheim', '1936-11-10'),
(163, 'Kerstin Sporbert', 'Goldbachstrasse 22, 53113 Bonn', '1939-09-23'),
(167, 'Theo Ebert', 'Ulmenallee 21, 53113 Bonn', '1950-12-01'),
(169, 'Wolfgang Timmel', 'Bahnhofstrasse 39, 17449 Trassenheide', '1935-06-28'),
(173, 'Linda Pfeifer', 'Brauweg 37, 98593 Schnellbach', '1936-12-11'),
(179, 'Kerstin Herold', 'Bleichallee 29, 49811 Lingen', '1938-10-09'),
(181, 'Ursula Thom', 'Seeweg 31, 17111 Toitz', '1940-06-01'),
(187, 'Else Engel', 'Elisensiedlung 50, 55126 Mainz', '1981-12-04'),
(191, 'Else Meier', 'Poelitzweg 22, 67829 Schmittweiler', '1937-05-26'),
(193, 'Achim Escher', 'Suedgraben 46, 45966 Gladbeck', '1961-11-12'),
(197, 'Helmut Stoppe', 'Birkenallee 39, 31787 Hameln', '1971-05-09'),
(199, 'Andre Ziegel', 'Teichberg 37, 03055 Sielow', '1981-10-09'),
(203, 'Ernst Geisler', 'Bleichsiedlung 48, 07613 Nickelsdorf', '1964-07-24'),
(209, 'Inge Mueller', 'Herrengasse 10, 54522 Udler', '1962-05-01'),
(211, 'Rainer Stach', 'Brueckengasse 47, 55126 Mainz', '1948-04-03'),
(217, 'Betty Geigenfeind', 'Glueckaufgasse 4, 54522 Udler', '1958-05-11'),
(221, 'Lenore Engel', 'Sonnenstrasse 17, 97421 Schweinfurt', '1946-12-05'),
(223, 'Ronny Fruehauf', 'Pappelgraben 29, 98593 Schnellbach', '1934-09-02'),
(227, 'Kurt Kersten', 'Knappenstrasse 13, 54522 Udler', '1931-10-15'),
(229, 'Andre Mehnert', 'Postgraben 24, 01069 Dresden', '1941-12-19'),
(233, 'Gerhard Herold', 'Neustrasse 49, 07613 Nickelsdorf', '1939-10-17'),
(239, 'Lutz Kretschmer', 'Martinberg 18, 01069 Dresden', '1952-05-22'),
(241, 'Anna Hammer', 'Landufer 10, 09366 Stollberg', '1983-12-13'),
(247, 'Else Escher', 'Herrmannallee 41, 17291 Tornow', '1953-11-13'),
(251, 'Klaus Hunger', 'Bachallee 28, 97421 Schweinfurt', '1935-10-08'),
(253, 'Erna Meister', 'Eichenweg 21, 30629 Hannover', '1938-05-03'),
(257, 'Erik Lipp', 'Seeufer 10, 83707 Ringsee', '1974-11-23'),
(259, 'Isabelle Mueller', 'Dreibruederallee 20, 49811 Lingen', '1941-08-12'),
(263, 'Maria Pietzsch', 'Herrmannufer 6, 27721 Rittershude', '1930-05-20'),
(269, 'Fritz Haupner', 'Nordweg 2, 44807 Bochum', '1971-08-09'),
(271, 'Andre Jentsch', 'Suedweg 15, 53113 Bonn', '1959-10-30'),
(277, 'Andre Brink', 'Tannensiedlung 5, 44807 Bochum', '1964-12-16'),
(281, 'Holger Hunger', 'Pappelweg 15, 31226 Peine', '1952-05-11'),
(283, 'Rene Timmel', 'Bleichallee 26, 17111 Toitz', '1971-08-28'),
(287, 'Gerhard Ahnert', 'Suedstrasse 27, 30629 Hannover', '1979-12-25'),
(289, 'Ingrid Weise', 'Pappelgraben 29, 50676 Koeln', '1940-06-19'),
(293, 'Gerhard Neumann', 'Postweg 1, 04229 Leipzig', '1934-01-21'),
(299, 'Inge Brink', 'Ulmenberg 17, 30629 Hannover', '1942-10-05'),
(301, 'Anna Kruspe', 'Goldbachgasse 11, 31226 Peine', '1964-01-17'),
(307, 'Klaus Bliemel', 'Eichensiedlung 13, 29227 Celle', '1946-09-02'),
(311, 'Betty Sporbert', 'Bleichberg 2, 17111 Toitz', '1934-04-13'),
(313, 'Lutz Herold', 'Buchenberg 31, 96052 Bamberg', '1952-01-26'),
(317, 'Otto Thom', 'Herrenweg 49, 96052 Bamberg', '1977-05-25'),
(319, 'Nancy Harzendorf', 'Dreibruedergraben 32, 29227 Celle', '1942-09-18'),
(323, 'Wolfgang Melzer', 'Birkensiedlung 41, 64291 Darmastadt', '1979-06-28'),
(329, 'Klaus Kaden', 'Dammberg 33, 01069 Dresden', '1982-09-10'),
(331, 'Betty Keller', 'Bergmannsallee 22, 01069 Dresden', '1963-05-28'),
(337, 'Jan Fuhrmann', 'Herrenweg 31, 98593 Schnellbach', '1947-09-07'),
(341, 'Jim Kretschel', 'Westsiedlung 28, 67829 Schmittweiler', '1942-11-05'),
(343, 'Kerstin Gruner', 'Vetterufer 47, 54522 Udler', '1977-09-23'),
(347, 'Karin Kaden', 'Dammgasse 34, 33619 Bielefeld', '1965-04-29'),
(349, 'Helmut Stuebner', 'Schulweg 41, 55767 Rinzenberg', '1934-09-18'),
(353, 'Ernst Ramm', 'Landufer 45, 47802 Krefeld', '1936-10-17'),
(359, 'Margarete Krone', 'Neustrasse 13, 44807 Bochum', '1944-05-13'),
(361, 'Swen Engel', 'Bleichgasse 23, 09366 Stollberg', '1933-01-12'),
(367, 'Betty Neumann', 'Sonnensiedlung 43, 46395 Bocholt', '1952-06-22'),
(371, 'Frank Krug', 'Knappenweg 33, 49811 Lingen', '1980-07-29'),
(373, 'Ingrid Krug', 'Nordberg 2, 83022 Rosenheim', '1957-05-22'),
(377, 'Oliver Seiler', 'Abteiberg 26, 17291 Tornow', '1934-10-21'),
(379, 'Karin Reichel', 'Schubertallee 44, 04229 Leipzig', '1944-06-28'),
(383, 'Kerstin Raschke', 'Bergmannsgasse 40, 70734 Fellbach', '1932-10-05'),
(389, 'Anna Ackermann', 'Angerallee 46, 50171 Kerpen', '1932-07-30'),
(391, 'Peter Geigenfeind', 'Vetterstrasse 10, 55767 Rinzenberg', '1944-08-01'),
(397, 'Karin Linke', 'Postsiedlung 5, 27472 Cuxhaven', '1963-11-13'),
(401, 'Ingrid Liebert', 'Ulmenufer 46, 67829 Schmittweiler', '1980-12-03'),
(403, 'Theo Hummel', 'Vetterstrasse 24, 50127 Bergheim', '1949-10-10'),
(407, 'Jan Hammer', 'Glueckaufberg 2, 27472 Cuxhaven', '1974-01-04'),
(409, 'Margarete Melzer', 'Brueckensiedlung 50, 95028 Hof', '1953-03-25'),
(413, 'Isabelle Moeller', 'Goldbachufer 19, 68199 Mannheim', '1972-09-04'),
(419, 'Werner Moeller', 'Westgraben 45, 01689 Niederau', '1983-01-01'),
(421, 'Jim Ziegel', 'Bergmannsgraben 12, 33619 Bielefeld', '1981-03-22'),
(427, 'Ingrid Klabon', 'Bahnhofallee 36, 29227 Celle', '1969-01-29'),
(431, 'Isabelle Krug', 'Ringsiedlung 7, 50127 Bergheim', '1934-11-15'),
(433, 'Otto Rebew', 'Bergmannsufer 9, 95447 Bayreuth', '1976-02-13'),
(437, 'Theo Rupert', 'Sonnenweg 36, 70734 Fellbach', '1983-02-13'),
(439, 'Ursula Bliemel', 'Ringberg 9, 01896 Pulsnitz', '1957-04-06'),
(443, 'Ursula Herrmann', 'Schubertgasse 49, 01689 Niederau', '1940-06-11'),
(449, 'Emil Kugel', 'Bergmannsweg 33, 49811 Lingen', '1959-02-07'),
(451, 'Anna Stuebner', 'Angerufer 34, 51643 Gummersbach', '1979-08-24'),
(457, 'Oliver Ebert', 'Brueckenberg 19, 49811 Lingen', '1943-10-08'),
(461, 'Lenore Weise', 'Angerallee 19, 17291 Tornow', '1955-07-11'),
(463, 'Jim Lipp', 'Angerallee 30, 49811 Lingen', '1965-12-19'),
(467, 'Luise Huber', 'Eichenweg 40, 96052 Bamberg', '1952-03-14'),
(469, 'Ernst Brink', 'Teichsiedlung 46, 09353 Oberlungwitz', '1975-09-11'),
(473, 'Erik Timmel', 'Buchensiedlung 24, 31226 Peine', '1976-05-08'),
(479, 'Gerhard Kersten', 'Ringallee 22, 54522 Udler', '1976-05-16'),
(481, 'Kurt Lipp', 'Landufer 41, 83022 Rosenheim', '1954-07-29'),
(487, 'Hans Kante', 'Eichenberg 45, 47802 Krefeld', '1970-02-02'),
(491, 'Lisa Suchlich', 'Suedufer 33, 17111 Toitz', '1960-02-24'),
(493, 'Susanna Liebert', 'Knappenweg 39, 76149 Karlsruhe', '1948-05-29'),
(497, 'Jan Paufler', 'Postgasse 1, 30629 Hannover', '1974-02-09'),
(499, 'Otto Kugel', 'Ringweg 40, 47055 Duisburg', '1961-06-27'),
(503, 'Nancy Suchlich', 'Teichweg 12, 49811 Lingen', '1947-06-21'),
(509, 'Rainer Bliemel', 'Westallee 18, 64291 Darmastadt', '1937-11-10'),
(511, 'Nancy Harzendorf', 'Buchengraben 23, 31787 Hameln', '1944-01-12'),
(517, 'Rainer Herold', 'Altweg 7, 31226 Peine', '1964-12-30'),
(521, 'Ernst Pfeifer', 'Teichsiedlung 35, 96052 Bamberg', '1959-12-01'),
(523, 'Klaus Nowik', 'Ringstrasse 42, 47802 Krefeld', '1976-03-27'),
(527, 'Jan Engel', 'Uferallee 13, 95028 Hof', '1981-06-30'),
(529, 'Katrin Berger', 'Elisenstrasse 39, 95447 Bayreuth', '1983-09-27'),
(533, 'Betty Gaudl', 'Angergasse 47, 44807 Bochum', '1969-08-23'),
(539, 'Peter Schulz', 'Eichenallee 1, 31226 Peine', '1964-02-05'),
(541, 'Werner Geisler', 'Martinallee 29, 09353 Oberlungwitz', '1942-09-09'),
(547, 'Luise Hummel', 'Brueckenstrasse 24, 95447 Bayreuth', '1966-04-05'),
(551, 'Betty Kugel', 'Knappenweg 24, 56479 Neustadt', '1941-04-18'),
(553, 'Isabelle Gaudl', 'Weststrasse 36, 44629 Herne', '1973-08-11'),
(557, 'Hilda Moeller', 'Ufergasse 8, 09366 Stollberg', '1934-08-09'),
(559, 'Oliver Nitzsche', 'Ostgasse 30, 44629 Herne', '1954-01-17'),
(563, 'Lenore Geigenfeind', 'Vettersiedlung 49, 30629 Hannover', '1948-02-08'),
(569, 'Nancy Ziegel', 'Tannengasse 23, 50127 Bergheim', '1957-07-31'),
(571, 'Kurt Geiler', 'Buchenstrasse 34, 46395 Bocholt', '1978-11-22'),
(577, 'Anna Bliemel', 'Braustrasse 35, 54522 Udler', '1940-04-09'),
(581, 'Katrin Berger', 'Herrensiedlung 40, 03055 Sielow', '1947-11-13'),
(583, 'Heinz Brink', 'Abteiallee 39, 54522 Udler', '1931-08-24'),
(587, 'Lenore Weise', 'Vetterberg 22, 09366 Stollberg', '1969-05-20'),
(589, 'Barbara Strauch', 'Birkenufer 22, 27472 Cuxhaven', '1985-01-22'),
(593, 'Rene Meister', 'Schubertufer 12, 03055 Sielow', '1934-09-26'),
(599, 'Jan Hader', 'Pappelufer 19, 53113 Bonn', '1934-08-11'),
(601, 'Katrin Marks', 'Bergmannsgraben 11, 44629 Herne', '1945-04-06'),
(607, 'Dana Kaden', 'Landsiedlung 23, 17291 Tornow', '1943-10-04'),
(611, 'Frank Ackermann', 'Glueckaufufer 31, 46395 Bocholt', '1953-05-14'),
(613, 'Frank Neumeister', 'Landgraben 15, 54522 Udler', '1932-01-02'),
(617, 'Swen Kruspe', 'Bahnhofufer 6, 68199 Mannheim', '1970-01-02'),
(619, 'Ronny Geisler', 'Altstrasse 6, 09126 Chemnitz', '1937-01-25'),
(623, 'Joachim Wandel', 'Suedallee 13, 17291 Tornow', '1941-07-21'),
(629, 'Lisa Hader', 'Herrengraben 9, 44629 Herne', '1984-02-15'),
(631, 'Fritz Pfeifer', 'Ostsiedlung 43, 64291 Darmastadt', '1954-03-20'),
(637, 'Rainer Lipp', 'Dreibruedergraben 4, 30629 Hannover', '1955-03-06'),
(641, 'Fritz Mueller', 'Westweg 23, 51643 Gummersbach', '1971-06-20'),
(643, 'Rainer Mehnert', 'Bahnhofweg 40, 53113 Bonn', '1957-05-01'),
(647, 'Achim Klabon', 'Dammgraben 40, 55126 Mainz', '1948-09-05'),
(649, 'Maria Bliemel', 'Uferweg 42, 23568 Luebeck', '1963-06-18'),
(653, 'Lutz Illing', 'Schulberg 20, 96052 Bamberg', '1950-12-08'),
(659, 'Fritz Kruspe', 'Glueckaufberg 40, 76149 Karlsruhe', '1932-11-24'),
(661, 'Ursula Hunger', 'Bachgraben 24, 44629 Herne', '1979-09-23'),
(667, 'Klaus Leutert', 'Eichenallee 26, 17449 Trassenheide', '1933-05-30'),
(671, 'Klaus Escher', 'Bachgraben 18, 31226 Peine', '1982-04-17'),
(673, 'Holger Melzer', 'Suedsiedlung 24, 50676 Koeln', '1969-03-09'),
(677, 'Heinz Kugel', 'Herrengasse 19, 29227 Celle', '1969-06-20'),
(679, 'Isabelle Stoppe', 'Ringweg 21, 01069 Dresden', '1969-10-21'),
(683, 'Frank Escher', 'Seeweg 38, 50171 Kerpen', '1944-06-19'),
(689, 'Gerhard Krone', 'Tannensiedlung 5, 31226 Peine', '1948-01-11'),
(691, 'Hans Sporbert', 'Tannengraben 44, 30629 Hannover', '1976-04-07'),
(697, 'Swen Fuhrmann', 'Ringweg 3, 17111 Toitz', '1935-10-24'),
(701, 'Joachim Kaden', 'Knappenstrasse 21, 55126 Mainz', '1964-06-29'),
(703, 'Margarete Reichel', 'Schulgraben 12, 27472 Cuxhaven', '1936-09-29'),
(707, 'Margarete Pampel', 'Nordufer 38, 07613 Nickelsdorf', '1954-02-05'),
(709, 'Lenore Gelfert', 'Brauallee 14, 95447 Bayreuth', '1977-02-11'),
(713, 'Jim Seiler', 'Abteigasse 40, 46395 Bocholt', '1948-11-14'),
(719, 'Helmut Langer', 'Brueckengasse 1, 67829 Schmittweiler', '1973-09-15'),
(721, 'Fritz Kretschmer', 'Bleichallee 29, 31226 Peine', '1933-04-14'),
(727, 'Nancy Gelfert', 'Bleichsiedlung 24, 13509 Berlin', '1962-03-07'),
(731, 'Anna Fruehauf', 'Abteiweg 15, 50676 Koeln', '1940-06-20'),
(733, 'Isabelle Ebert', 'Bergmannsweg 6, 76149 Karlsruhe', '1959-09-28'),
(737, 'Jim Kache', 'Angerweg 21, 09353 Oberlungwitz', '1959-10-06'),
(739, 'Jim Stuebner', 'Tannengasse 14, 67829 Schmittweiler', '1932-12-21'),
(743, 'Theo Latsch', 'Dammweg 48, 53113 Bonn', '1944-03-01'),
(749, 'Klaus Kunze', 'Eichenberg 7, 09353 Oberlungwitz', '1930-02-27'),
(751, 'Oliver Gruner', 'Landallee 20, 68199 Mannheim', '1938-01-12'),
(757, 'Barbara Reier', 'Knappenallee 46, 15910 Rietze', '1943-01-14'),
(761, 'Kerstin Ackermann', 'Herrmannufer 2, 29227 Celle', '1979-12-21'),
(763, 'Fritz Kunze', 'Seeallee 50, 98593 Schnellbach', '1978-02-22'),
(767, 'Emil Hummel', 'Dreibruederberg 18, 68199 Mannheim', '1955-04-02'),
(769, 'Katrin Fuhrmann', 'Birkenweg 1, 27721 Rittershude', '1934-12-14'),
(773, 'Jana Schmidt', 'Goldbachsiedlung 33, 83022 Rosenheim', '1936-01-14'),
(779, 'Linda Linke', 'Altufer 41, 96052 Bamberg', '1931-02-02'),
(781, 'Otto Leutert', 'Goldbachgasse 44, 50171 Kerpen', '1949-10-12'),
(787, 'Oliver Plahr', 'Landberg 41, 27721 Rittershude', '1930-06-26'),
(791, 'Holger Neumeister', 'Ostsiedlung 35, 76149 Karlsruhe', '1979-08-25'),
(793, 'Heinz Gruner', 'Schubertsiedlung 15, 23568 Luebeck', '1944-04-07'),
(797, 'Betty Rupert', 'Herrmannallee 48, 09366 Stollberg', '1942-02-10'),
(799, 'Holger Ahnert', 'Landweg 8, 83707 Ringsee', '1958-01-19'),
(803, 'Margarete Pampel', 'Westufer 40, 27721 Rittershude', '1972-02-12'),
(809, 'Ronny Mueller', 'Dreibruederstrasse 26, 03055 Sielow', '1955-12-06'),
(811, 'Barbara Stach', 'Altgraben 1, 55767 Rinzenberg', '1961-03-28'),
(817, 'Klaus Kache', 'Glueckaufgraben 28, 04229 Leipzig', '1936-09-10'),
(821, 'Jana Reier', 'Uferstrasse 34, 47802 Krefeld', '1931-11-18'),
(823, 'Fritz Kache', 'Dammgraben 43, 17449 Trassenheide', '1959-03-23'),
(827, 'Swen Schmidt', 'Glueckaufsiedlung 34, 47055 Duisburg', '1963-06-18'),
(829, 'Jana Stach', 'Seeufer 9, 07613 Nickelsdorf', '1943-08-30'),
(833, 'Margarete Mehnert', 'Dammgasse 35, 55126 Mainz', '1956-03-30'),
(839, 'Dana Huber', 'Vettersiedlung 2, 09366 Stollberg', '1980-12-05'),
(841, 'Erna Stucke', 'Vetterstrasse 25, 17449 Trassenheide', '1957-03-27'),
(847, 'Andre Griebel', 'Angerweg 13, 27472 Cuxhaven', '1973-08-21'),
(851, 'Dana Timmel', 'Eichenufer 46, 17111 Toitz', '1943-09-24'),
(853, 'Lenore Gaudl', 'Eichensiedlung 18, 09366 Stollberg', '1960-09-23'),
(857, 'Theo Wandel', 'Seeufer 29, 68199 Mannheim', '1945-12-23'),
(859, 'Erik Fruehauf', 'Brueckensiedlung 40, 01689 Niederau', '1964-02-22'),
(863, 'Jim Neumeister', 'Altsiedlung 17, 46395 Bocholt', '1952-05-08'),
(869, 'Jan Paufler', 'Sonnenstrasse 43, 83707 Ringsee', '1940-05-02'),
(871, 'Linda Oppermann', 'Herrmannweg 47, 07613 Nickelsdorf', '1982-12-06'),
(877, 'Holger Mehnert', 'Postallee 35, 47055 Duisburg', '1982-09-11'),
(881, 'Inge Lipp', 'Tannenweg 45, 04229 Leipzig', '1971-11-30'),
(883, 'Margarete Marks', 'Ringsiedlung 20, 45966 Gladbeck', '1943-12-21'),
(887, 'Wolfgang Melzer', 'Herrmanngasse 34, 44807 Bochum', '1937-03-20'),
(889, 'Lutz Hummel', 'Bergmannsgraben 14, 27472 Cuxhaven', '1937-08-02'),
(893, 'Peter Stoppe', 'Schulsiedlung 41, 83707 Ringsee', '1971-03-31'),
(899, 'Lenore Griebel', 'Martinallee 28, 51643 Gummersbach', '1966-06-18'),
(901, 'Ursula Lipp', 'Knappenstrasse 41, 55767 Rinzenberg', '1939-07-14'),
(907, 'Heinz Kante', 'Goldbachberg 8, 51643 Gummersbach', '1967-11-30'),
(911, 'Margarete Liebert', 'Tannengasse 30, 53113 Bonn', '1931-06-05'),
(913, 'Kerstin Pfauch', 'Brueckenweg 13, 23568 Luebeck', '1976-10-23'),
(917, 'Erik Kugel', 'Ostufer 10, 45966 Gladbeck', '1960-12-01'),
(919, 'Gerhard Geigenfeind', 'Knappenberg 32, 14469 Potsdam', '1972-09-14'),
(923, 'Rainer Krug', 'Seestrasse 25, 50676 Koeln', '1932-09-05'),
(929, 'Werner Nowik', 'Vetterallee 25, 07613 Nickelsdorf', '1970-05-04'),
(931, 'Isabelle Engel', 'Landufer 50, 46395 Bocholt', '1951-01-31'),
(937, 'Edmund Weise', 'Eichenallee 37, 55767 Rinzenberg', '1943-10-13'),
(941, 'Barbara Reichel', 'Herrmannufer 3, 27721 Rittershude', '1970-02-21'),
(943, 'Oliver Stach', 'Pappelallee 15, 07613 Nickelsdorf', '1951-10-28'),
(947, 'Katrin Weise', 'Martingraben 15, 13509 Berlin', '1970-07-27'),
(949, 'Frank Liebert', 'Buchensiedlung 28, 56479 Neustadt', '1954-10-19'),
(953, 'Ronny Fuhrmann', 'Bahnhofberg 41, 31787 Hameln', '1947-06-16'),
(959, 'Barbara Kunze', 'Herrensiedlung 46, 01689 Niederau', '1973-07-08'),
(961, 'Linda Marks', 'Weststrasse 28, 54522 Udler', '1933-03-05'),
(967, 'Fritz Moeller', 'Eichenberg 13, 17111 Toitz', '1964-05-05'),
(971, 'Ursula Pfanne', 'Goldbachstrasse 4, 54522 Udler', '1958-03-20'),
(973, 'Kerstin Thom', 'Knappenallee 43, 14469 Potsdam', '1958-01-26'),
(977, 'Dana Stach', 'Dammstrasse 19, 17449 Trassenheide', '1954-09-13'),
(979, 'Else Illing', 'Braustrasse 44, 95447 Bayreuth', '1976-08-05'),
(983, 'Dana Pampel', 'Bahnhofufer 28, 55767 Rinzenberg', '1930-06-09'),
(989, 'Rene Plewe', 'Martinweg 50, 45966 Gladbeck', '1980-10-14'),
(991, 'Otto Berger', 'Ostgraben 39, 04229 Leipzig', '1932-11-14'),
(997, 'Jana Fruehauf', 'Nordberg 43, 64291 Darmastadt', '1967-04-21'),
(1001, 'Linda Kante', 'Bergmannsberg 29, 95447 Bayreuth', '1953-09-14'),
(1003, 'Peter Geigenfeind', 'Ulmenberg 41, 17111 Toitz', '1943-03-20'),
(1007, 'Barbara Hunger', 'Nordallee 49, 64291 Darmastadt', '1961-05-12'),
(1009, 'Else Ahnert', 'Bergmannsstrasse 7, 50676 Koeln', '1939-09-05'),
(1013, 'Swen Ackermann', 'Teichberg 22, 03055 Sielow', '1945-12-12'),
(1019, 'Oliver Kretschel', 'Westallee 49, 01689 Niederau', '1949-06-07'),
(1021, 'Ursula Linke', 'Pappelstrasse 48, 96052 Bamberg', '1949-04-15'),
(1027, 'Heinz Krug', 'Ostgraben 46, 17449 Trassenheide', '1961-06-21'),
(1031, 'Heinz Gelfert', 'Brueckenallee 29, 13509 Berlin', '1944-03-06'),
(1033, 'Ingrid Latsch', 'Neugraben 11, 44629 Herne', '1938-08-03'),
(1037, 'Susanna Ramm', 'Nordallee 38, 96052 Bamberg', '1975-09-27'),
(1039, 'Jan Marks', 'Angerallee 12, 96052 Bamberg', '1938-06-03'),
(1043, 'Jim Neumeister', 'Knappenstrasse 45, 67829 Schmittweiler', '1932-01-23'),
(1049, 'Kurt Meier', 'Pappelsiedlung 16, 17111 Toitz', '1942-12-08'),
(1051, 'Achim Ackermann', 'Nordgasse 17, 50676 Koeln', '1975-01-10'),
(1057, 'Ernst Kretschel', 'Teichallee 36, 50127 Bergheim', '1950-04-26'),
(1061, 'Swen Hader', 'Eichengraben 16, 55767 Rinzenberg', '1952-12-06'),
(1063, 'Inge Rebew', 'Birkenufer 26, 01069 Dresden', '1950-06-07'),
(1067, 'Holger Jentsch', 'Brueckengraben 23, 27472 Cuxhaven', '1949-05-18'),
(1069, 'Andre Wandel', 'Knappenufer 19, 09353 Oberlungwitz', '1985-01-06'),
(1073, 'Margarete Kretschmer', 'Goldbachgasse 16, 95447 Bayreuth', '1957-07-26'),
(1079, 'Edmund Wandel', 'Bachgasse 37, 17291 Tornow', '1951-03-25'),
(1081, 'Martin Meier', 'Dreibruederufer 22, 83707 Ringsee', '1954-05-04'),
(1087, 'Otto Kache', 'Herrenstrasse 18, 46395 Bocholt', '1976-01-09'),
(1091, 'Holger Mehnert', 'Brauallee 26, 27721 Rittershude', '1941-05-30'),
(1093, 'Jim Schulz', 'Buchensiedlung 39, 51643 Gummersbach', '1955-12-29'),
(1097, 'Wolfgang Fuhrmann', 'Neugasse 44, 70734 Fellbach', '1968-11-27'),
(1099, 'Jana Stucke', 'Birkenstrasse 39, 15910 Rietze', '1958-11-06'),
(1103, 'Kurt Arnold', 'Goldbachufer 22, 96052 Bamberg', '1933-10-26'),
(1109, 'Ingrid Geigenfeind', 'Dreibruederallee 25, 97421 Schweinfurt', '1939-11-17'),
(1111, 'Swen Kugel', 'Ulmengraben 33, 97421 Schweinfurt', '1954-06-15'),
(1117, 'Karin Krone', 'Martingasse 17, 17111 Toitz', '1953-07-12'),
(1121, 'Achim Lipp', 'Braugraben 2, 55126 Mainz', '1941-09-12'),
(1123, 'Ernst Arnold', 'Knappenstrasse 32, 01689 Niederau', '1945-05-02'),
(1127, 'Oliver Haupner', 'Dammsiedlung 30, 68199 Mannheim', '1972-02-22'),
(1129, 'Else Melzer', 'Teichstrasse 15, 95447 Bayreuth', '1967-02-24'),
(1133, 'Fritz Paufler', 'Bachgasse 39, 95028 Hof', '1974-06-06'),
(1139, 'Joachim Hammer', 'Bergmannsgasse 31, 68199 Mannheim', '1971-02-01'),
(1141, 'Susanna Lipp', 'Bergmannsweg 36, 31226 Peine', '1969-04-28'),
(1147, 'Barbara Bliemel', 'Pappelweg 18, 13509 Berlin', '1951-07-31'),
(1151, 'Nancy Kersten', 'Altgraben 29, 67829 Schmittweiler', '1952-12-26'),
(1153, 'Hilda Schmidt', 'Westufer 10, 97421 Schweinfurt', '1934-05-26'),
(1157, 'Ernst Stoppe', 'Angerberg 36, 70734 Fellbach', '1947-08-08'),
(1159, 'Heinz Pampel', 'Eichenallee 43, 95447 Bayreuth', '1967-02-17'),
(1163, 'Kerstin Klabon', 'Herrenberg 13, 04229 Leipzig', '1967-08-09'),
(1169, 'Inge Plewe', 'Bachgraben 45, 95447 Bayreuth', '1979-04-21'),
(1171, 'Otto Jentsch', 'Ulmengasse 12, 47055 Duisburg', '1954-08-22'),
(1177, 'Else Hader', 'Angergasse 5, 31226 Peine', '1967-11-30'),
(1181, 'Maria Schmidt', 'Glueckaufufer 39, 09126 Chemnitz', '1949-02-03'),
(1183, 'Hans Illing', 'Brueckenufer 47, 29227 Celle', '1962-04-29'),
(1187, 'Lenore Nitzsche', 'Bergmannsufer 7, 03055 Sielow', '1943-09-06'),
(1189, 'Ernst Bliemel', 'Birkenberg 15, 50127 Bergheim', '1958-12-03'),
(1193, 'Else Strauch', 'Poststrasse 49, 55767 Rinzenberg', '1962-05-26'),
(1199, 'Emil Kugel', 'Vettersiedlung 41, 47802 Krefeld', '1944-07-14'),
(1201, 'Hilda Langer', 'Herrensiedlung 7, 07613 Nickelsdorf', '1967-02-22'),
(1207, 'Gerhard Fruehauf', 'Elisenstrasse 27, 23568 Luebeck', '1941-05-21'),
(1211, 'Achim Stoppe', 'Martingraben 13, 13509 Berlin', '1935-10-14'),
(1213, 'Fritz Liebert', 'Brueckenstrasse 33, 17291 Tornow', '1953-12-16'),
(1217, 'Lisa Mueller', 'Bergmannsberg 17, 09366 Stollberg', '1945-05-13'),
(1219, 'Martin Meister', 'Martinufer 34, 83022 Rosenheim', '1940-09-21'),
(1223, 'Susanna Fuhrmann', 'Ostberg 21, 67829 Schmittweiler', '1957-11-06'),
(1229, 'Ernst Ackermann', 'Knappenstrasse 13, 23568 Luebeck', '1972-05-31'),
(1231, 'Linda Kunze', 'Ulmenstrasse 26, 17111 Toitz', '1955-10-06'),
(1237, 'Lutz Keller', 'Glueckaufgasse 19, 15910 Rietze', '1978-03-24'),
(1241, 'Anna Ackermann', 'Eichenstrasse 21, 50171 Kerpen', '1980-03-13'),
(1243, 'Carsten Lipp', 'Ulmenallee 39, 83022 Rosenheim', '1968-12-20'),
(1247, 'Isabelle Timmel', 'Landgraben 39, 17291 Tornow', '1972-07-20'),
(1249, 'Oliver Geiler', 'Poelitzberg 23, 07613 Nickelsdorf', '1974-08-06'),
(1253, 'Achim Kunze', 'Uferweg 37, 83022 Rosenheim', '1982-04-17'),
(1259, 'Rene Sporbert', 'Martingasse 36, 83022 Rosenheim', '1935-09-16'),
(1261, 'Swen Pfeifer', 'Goldbachsiedlung 6, 98593 Schnellbach', '1937-11-17'),
(1267, 'Erna Rupert', 'Altberg 47, 23568 Luebeck', '1962-06-07'),
(1271, 'Maria Weise', 'Bergmannsallee 45, 09353 Oberlungwitz', '1971-11-10'),
(1273, 'Erna Ebert', 'Schubertgraben 5, 47802 Krefeld', '1955-02-03'),
(1277, 'Maria Neumann', 'Altgasse 31, 95447 Bayreuth', '1932-06-08'),
(1279, 'Linda Kugel', 'Teichgasse 16, 30629 Hannover', '1976-07-09'),
(1283, 'Kerstin Neumann', 'Bergmannsufer 7, 70734 Fellbach', '1943-03-30'),
(1289, 'Katrin Engel', 'Martinweg 29, 67829 Schmittweiler', '1976-02-24'),
(1291, 'Fritz Moeller', 'Poelitzberg 28, 17449 Trassenheide', '1935-04-04'),
(1297, 'Edmund Hammer', 'Abteigasse 24, 70734 Fellbach', '1949-11-04'),
(1301, 'Margarete Engel', 'Goldbachweg 12, 30629 Hannover', '1960-03-11'),
(1303, 'Rene Stach', 'Abteigraben 35, 09126 Chemnitz', '1961-12-04'),
(1307, 'Isabelle Klabon', 'Uferberg 33, 68199 Mannheim', '1976-05-17'),
(1309, 'Jim Thom', 'Herrmannsiedlung 25, 98593 Schnellbach', '1953-10-16'),
(1313, 'Hans Hunger', 'Bahnhofallee 47, 03055 Sielow', '1978-11-15'),
(1319, 'Luise Linke', 'Dreibruederberg 24, 47055 Duisburg', '1968-04-25'),
(1321, 'Hilda Bunzel', 'Martinsiedlung 49, 44629 Herne', '1968-10-18'),
(1327, 'Betty Schmidt', 'Herrmanngraben 28, 47055 Duisburg', '1980-11-14'),
(1331, 'Rene Stucke', 'Dammgasse 11, 55767 Rinzenberg', '1937-06-27'),
(1333, 'Erik Herrmann', 'Eichenweg 48, 27721 Rittershude', '1980-10-07'),
(1337, 'Klaus Pflug', 'Uferufer 34, 55767 Rinzenberg', '1944-03-27'),
(1339, 'Katrin Linke', 'Birkenallee 6, 09353 Oberlungwitz', '1963-05-05'),
(1343, 'Otto Huber', 'Glueckaufgasse 24, 83707 Ringsee', '1977-07-01'),
(1349, 'Ursula Hunger', 'Bachufer 49, 98593 Schnellbach', '1932-05-08'),
(1351, 'Linda Kretschel', 'Seegasse 19, 30629 Hannover', '1952-05-13'),
(1357, 'Carsten Ahnert', 'Pappelallee 18, 14469 Potsdam', '1982-01-23'),
(1361, 'Nancy Berger', 'Sonnensiedlung 12, 68199 Mannheim', '1964-07-25'),
(1363, 'Rainer Illing', 'Herrmanngraben 22, 50127 Bergheim', '1973-04-14'),
(1367, 'Heinz Mueller', 'Herrenberg 45, 83707 Ringsee', '1966-09-03'),
(1369, 'Fritz Stucke', 'Ostgasse 35, 50171 Kerpen', '1984-11-19'),
(1373, 'Peter Oppermann', 'Pappelstrasse 5, 07613 Nickelsdorf', '1982-08-04'),
(1379, 'Lenore Rebew', 'Bachufer 16, 29227 Celle', '1948-06-27'),
(1381, 'Rene Stoppe', 'Bahnhofweg 27, 17111 Toitz', '1930-03-18'),
(1387, 'Barbara Strauch', 'Herrmannberg 5, 09126 Chemnitz', '1964-03-09'),
(1391, 'Marsell Meier', 'Pappelberg 29, 33619 Bielefeld', '1938-11-04'),
(1393, 'Ernst Hader', 'Ringstrasse 23, 54522 Udler', '1978-04-23'),
(1397, 'Holger Geigenfeind', 'Knappengraben 7, 49811 Lingen', '1964-11-15'),
(1399, 'Maria Timmel', 'Dreibruederufer 38, 55126 Mainz', '1973-02-23'),
(1403, 'Hans Geigenfeind', 'Ufergasse 16, 31226 Peine', '1959-09-11'),
(1409, 'Emil Pfauch', 'Brueckengasse 10, 76149 Karlsruhe', '1955-05-17'),
(1411, 'Ursula Drescher', 'Ufersiedlung 14, 97421 Schweinfurt', '1945-03-03'),
(1417, 'Jim Stach', 'Suedstrasse 22, 29227 Celle', '1976-03-28'),
(1421, 'Luise Gaudl', 'Pappelstrasse 28, 51643 Gummersbach', '1959-03-03'),
(1423, 'Ronny Rupert', 'Elisenallee 31, 09126 Chemnitz', '1960-06-24'),
(1427, 'Jim Kersten', 'Birkengasse 50, 01689 Niederau', '1984-12-18'),
(1429, 'Helmut Ebert', 'Vettergraben 40, 96052 Bamberg', '1936-10-21'),
(1433, 'Marsell Pfeifer', 'Seeberg 1, 50127 Bergheim', '1930-08-13'),
(1439, 'Werner Kaden', 'Postallee 42, 55767 Rinzenberg', '1977-07-03'),
(1441, 'Fritz Timmel', 'Dreibruedergraben 16, 96052 Bamberg', '1947-05-04'),
(1447, 'Theo Klabon', 'Knappensiedlung 34, 27721 Rittershude', '1980-12-17'),
(1451, 'Lutz Brink', 'Herrengasse 36, 51643 Gummersbach', '1945-07-25'),
(1453, 'Andre Rupert', 'Martingasse 37, 76149 Karlsruhe', '1959-01-11'),
(1457, 'Anna Bliemel', 'Uferweg 8, 01896 Pulsnitz', '1946-01-06'),
(1459, 'Nancy Brink', 'Pappelgraben 32, 14469 Potsdam', '1946-06-25'),
(1463, 'Nancy Fruehauf', 'Eichenallee 26, 13509 Berlin', '1935-05-02'),
(1469, 'Kerstin Harzendorf', 'Poelitzgasse 43, 17291 Tornow', '1972-04-13'),
(1471, 'Oliver Linke', 'Tannenallee 19, 55767 Rinzenberg', '1980-03-21'),
(1477, 'Betty Langer', 'Bahnhofallee 19, 68199 Mannheim', '1939-06-06'),
(1481, 'Anna Mueller', 'Neuweg 33, 09366 Stollberg', '1970-01-13'),
(1483, 'Jan Melzer', 'Herrenallee 50, 56479 Neustadt', '1935-01-28'),
(1487, 'Joachim Harzendorf', 'Glueckaufweg 19, 45966 Gladbeck', '1937-01-27'),
(1489, 'Peter Neumann', 'Suedufer 14, 27721 Rittershude', '1934-11-06'),
(1493, 'Rene Reier', 'Bachberg 11, 01896 Pulsnitz', '1937-04-01'),
(1499, 'Theo Ahnert', 'Poelitzgasse 38, 01689 Niederau', '1977-10-19'),
(1501, 'Gerhard Klabon', 'Landgraben 7, 15910 Rietze', '1964-01-15'),
(1507, 'Isabelle Kersten', 'Herrmannberg 7, 50171 Kerpen', '1951-06-13'),
(1511, 'Susanna Thom', 'Neugraben 31, 97421 Schweinfurt', '1974-09-03'),
(1513, 'Lutz Haupner', 'Pappelgraben 4, 70734 Fellbach', '1973-09-17'),
(1517, 'Oliver Fuckel', 'Schulgasse 22, 97421 Schweinfurt', '1935-07-07'),
(1519, 'Inge Kaden', 'Herrenallee 21, 55767 Rinzenberg', '1976-10-10'),
(1523, 'Ingrid Neumann', 'Angerufer 38, 76149 Karlsruhe', '1982-01-02'),
(1529, 'Jan Meier', 'Buchenstrasse 10, 17111 Toitz', '1975-01-02'),
(1531, 'Marsell Fuckel', 'Bahnhofufer 31, 04229 Leipzig', '1972-11-18'),
(1537, 'Kurt Hader', 'Herrenberg 8, 95028 Hof', '1983-03-17'),
(1541, 'Holger Gelfert', 'Seegasse 25, 83022 Rosenheim', '1943-02-08'),
(1543, 'Carsten Nitzsche', 'Martinsiedlung 40, 01069 Dresden', '1941-01-05'),
(1547, 'Margarete Ebert', 'Suedgraben 2, 70734 Fellbach', '1958-03-07'),
(1549, 'Luise Engel', 'Angersiedlung 43, 54522 Udler', '1982-11-17'),
(1553, 'Emil Kretschmer', 'Bahnhofgraben 4, 70734 Fellbach', '1969-12-04'),
(1559, 'Otto Herold', 'Sonnenallee 18, 49811 Lingen', '1933-10-04'),
(1561, 'Anna Melzer', 'Birkenweg 43, 17291 Tornow', '1941-05-27'),
(1567, 'Jim Hader', 'Suedsiedlung 23, 70734 Fellbach', '1953-03-07'),
(1571, 'Achim Pflug', 'Seeweg 8, 44629 Herne', '1959-12-07'),
(1573, 'Theo Lipp', 'Birkenallee 50, 31787 Hameln', '1937-06-25'),
(1577, 'Margarete Bunzel', 'Buchenstrasse 33, 95447 Bayreuth', '1930-07-11'),
(1579, 'Heinz Linke', 'Tannenberg 33, 51643 Gummersbach', '1939-02-02'),
(1583, 'Jan Kunze', 'Westallee 19, 50127 Bergheim', '1941-08-25'),
(1589, 'Gerhard Rebew', 'Seegraben 21, 98593 Schnellbach', '1973-08-30'),
(1591, 'Katrin Herold', 'Brueckengraben 7, 44807 Bochum', '1943-10-26'),
(1597, 'Carsten Latsch', 'Landallee 13, 96052 Bamberg', '1940-12-19'),
(1601, 'Kurt Ramm', 'Tannenallee 33, 47802 Krefeld', '1946-07-17'),
(1603, 'Lisa Seiler', 'Sonnenufer 26, 04229 Leipzig', '1944-12-27'),
(1607, 'Lisa Nowik', 'Buchenberg 40, 31226 Peine', '1973-01-08'),
(1609, 'Hans Krone', 'Dammallee 46, 46395 Bocholt', '1956-05-31'),
(1613, 'Erna Seiler', 'Ringufer 11, 09353 Oberlungwitz', '1932-07-21'),
(1619, 'Andre Klabon', 'Eichenberg 33, 27721 Rittershude', '1961-04-12'),
(1621, 'Peter Pietzsch', 'Dammweg 36, 50127 Bergheim', '1974-01-28'),
(1627, 'Jan Herold', 'Brueckenstrasse 33, 09126 Chemnitz', '1941-04-02'),
(1631, 'Betty Pfauch', 'Dreibruederufer 11, 13509 Berlin', '1956-12-29'),
(1633, 'Wolfgang Arnold', 'Neuweg 32, 09366 Stollberg', '1956-05-22'),
(1637, 'Emil Strauch', 'Elisenberg 3, 56479 Neustadt', '1948-07-21'),
(1639, 'Linda Fuhrmann', 'Bahnhofberg 46, 01689 Niederau', '1969-10-25'),
(1643, 'Oliver Geigenfeind', 'Pappelgraben 50, 47055 Duisburg', '1972-05-24'),
(1649, 'Achim Reier', 'Birkengasse 4, 23568 Luebeck', '1953-12-24'),
(1651, 'Ronny Herrmann', 'Brueckengasse 15, 09353 Oberlungwitz', '1932-06-28'),
(1657, 'Dana Pfauch', 'Angerweg 48, 45966 Gladbeck', '1963-03-16'),
(1661, 'Susanna Funke', 'Teichufer 32, 09353 Oberlungwitz', '1932-06-21'),
(1663, 'Werner Berger', 'Birkengasse 3, 13509 Berlin', '1933-06-18'),
(1667, 'Susanna Gaudl', 'Birkenberg 45, 17291 Tornow', '1953-06-25'),
(1669, 'Luise Fuhrmann', 'Schulberg 41, 17449 Trassenheide', '1932-09-20'),
(1673, 'Anna Klabon', 'Poelitzallee 44, 51643 Gummersbach', '1963-01-04'),
(1679, 'Hans Stucke', 'Ulmenstrasse 39, 09366 Stollberg', '1976-01-17'),
(1681, 'Nancy Neumann', 'Eichenufer 36, 07613 Nickelsdorf', '1963-02-09'),
(1687, 'Linda Suchlich', 'Bachberg 7, 27472 Cuxhaven', '1972-12-21'),
(1691, 'Ursula Harzendorf', 'Teichweg 5, 44629 Herne', '1970-08-26'),
(1693, 'Holger Kunze', 'Eichenberg 10, 44629 Herne', '1957-06-11'),
(1697, 'Helmut Mischke', 'Ringgasse 47, 04229 Leipzig', '1978-09-23'),
(1699, 'Frank Stach', 'Bachweg 48, 07613 Nickelsdorf', '1982-08-27'),
(1703, 'Erna Bliemel', 'Teichgraben 4, 27721 Rittershude', '1948-01-29'),
(1709, 'Gerhard Gruner', 'Bachweg 37, 04229 Leipzig', '1984-09-28'),
(1711, 'Emil Bliemel', 'Poelitzufer 47, 76149 Karlsruhe', '1977-05-08'),
(1717, 'Barbara Pflug', 'Neuberg 42, 17291 Tornow', '1942-03-03'),
(1721, 'Dana Neumann', 'Weststrasse 2, 17111 Toitz', '1937-06-25'),
(1723, 'Emil Keller', 'Ostgraben 33, 03055 Sielow', '1955-12-15'),
(1727, 'Otto Stuebner', 'Eichenberg 11, 70734 Fellbach', '1975-12-30'),
(1729, 'Ingrid Kretschmer', 'Dreibruederberg 12, 83707 Ringsee', '1934-05-02'),
(1733, 'Rene Fuhrmann', 'Vetterallee 27, 95447 Bayreuth', '1939-08-05'),
(1739, 'Marsell Latsch', 'Bachweg 1, 03055 Sielow', '1936-05-02'),
(1741, 'Luise Berger', 'Teichstrasse 7, 95447 Bayreuth', '1984-01-24'),
(1747, 'Werner Pflug', 'Tannengraben 27, 44629 Herne', '1957-01-22'),
(1751, 'Susanna Herrmann', 'Braugasse 20, 70734 Fellbach', '1965-03-05'),
(1753, 'Rene Haupner', 'Martinufer 23, 68199 Mannheim', '1942-11-30'),
(1757, 'Helmut Fuckel', 'Poelitzallee 32, 49811 Lingen', '1944-08-02'),
(1759, 'Werner Kunze', 'Herrmannberg 6, 13509 Berlin', '1978-12-30'),
(1763, 'Joachim Moeller', 'Bergmannsgraben 39, 54522 Udler', '1931-05-28'),
(1769, 'Lutz Pfauch', 'Brauufer 43, 50127 Bergheim', '1965-05-01'),
(1771, 'Nancy Melzer', 'Pappelufer 44, 83707 Ringsee', '1948-04-07'),
(1777, 'Barbara Herold', 'Martingraben 8, 31787 Hameln', '1979-02-27'),
(1781, 'Andre Nowik', 'Abteigasse 16, 70734 Fellbach', '1969-08-24'),
(1783, 'Martin Meier', 'Bleichberg 46, 09353 Oberlungwitz', '1940-07-03'),
(1787, 'Lutz Thom', 'Abteiallee 29, 30629 Hannover', '1939-07-13'),
(1789, 'Hans Gruner', 'Ufersiedlung 9, 98593 Schnellbach', '1980-02-09'),
(1793, 'Nancy Meister', 'Sonnenweg 12, 67829 Schmittweiler', '1965-10-18'),
(1799, 'Martin Nitzsche', 'Herrenberg 30, 55126 Mainz', '1931-03-30'),
(1801, 'Holger Timmel', 'Tannenallee 29, 95028 Hof', '1966-09-17'),
(1807, 'Hilda Leutert', 'Suedgraben 45, 23568 Luebeck', '1971-03-19'),
(1811, 'Andre Reichel', 'Vetterufer 13, 23568 Luebeck', '1941-03-03'),
(1813, 'Jan Melzer', 'Dammgraben 18, 01069 Dresden', '1953-06-11'),
(1817, 'Karin Jentsch', 'Goldbachberg 2, 56479 Neustadt', '1958-06-15'),
(1819, 'Emil Liebert', 'Altstrasse 23, 70734 Fellbach', '1933-07-14'),
(1823, 'Klaus Strauch', 'Tannenufer 34, 67829 Schmittweiler', '1980-11-16'),
(1829, 'Marsell Moeller', 'Angersiedlung 16, 44807 Bochum', '1967-10-24'),
(1831, 'Nancy Kaden', 'Schulallee 50, 45966 Gladbeck', '1968-06-05'),
(1837, 'Theo Hunger', 'Landberg 37, 50676 Koeln', '1939-08-09'),
(1841, 'Maria Jentsch', 'Glueckaufgraben 8, 83707 Ringsee', '1931-01-29'),
(1843, 'Margarete Stucke', 'Tannengraben 46, 46395 Bocholt', '1958-08-30'),
(1847, 'Jana Griebel', 'Birkenweg 9, 50127 Bergheim', '1966-02-23'),
(1849, 'Heinz Rupert', 'Altallee 19, 44629 Herne', '1955-05-20'),
(1853, 'Marsell Strauch', 'Ostufer 21, 33619 Bielefeld', '1954-07-17'),
(1859, 'Dana Mischke', 'Seesiedlung 48, 95028 Hof', '1968-08-23'),
(1861, 'Betty Kugel', 'Dammallee 2, 17111 Toitz', '1967-06-23'),
(1867, 'Marsell Neumeister', 'Bleichberg 11, 47055 Duisburg', '1938-09-06'),
(1871, 'Martin Berger', 'Glueckaufgasse 42, 51643 Gummersbach', '1944-02-19'),
(1873, 'Oliver Rupert', 'Suedgraben 47, 54522 Udler', '1979-08-06'),
(1877, 'Edmund Ebert', 'Brueckengasse 37, 14469 Potsdam', '1981-05-03'),
(1879, 'Joachim Reichel', 'Glueckaufstrasse 38, 47055 Duisburg', '1980-03-23'),
(1883, 'Jim Kante', 'Bergmannsufer 8, 30629 Hannover', '1974-03-11'),
(1889, 'Jana Latsch', 'Poelitzberg 38, 56479 Neustadt', '1945-08-05'),
(1891, 'Hans Reichel', 'Dreibruederweg 5, 97421 Schweinfurt', '1980-03-13'),
(1897, 'Susanna Lipp', 'Knappenweg 7, 04229 Leipzig', '1966-04-02'),
(1901, 'Edmund Neumann', 'Pappelsiedlung 34, 09353 Oberlungwitz', '1963-10-30'),
(1903, 'Lutz Stach', 'Buchengasse 40, 09366 Stollberg', '1939-08-26'),
(1907, 'Helmut Kugel', 'Braustrasse 32, 45966 Gladbeck', '1981-08-13'),
(1909, 'Linda Herold', 'Brauweg 6, 68199 Mannheim', '1964-02-10'),
(1913, 'Erna Mehnert', 'Eichenallee 29, 64291 Darmastadt', '1963-08-18'),
(1919, 'Jim Funke', 'Elisengraben 36, 45966 Gladbeck', '1940-09-11'),
(1921, 'Ronny Hunger', 'Postallee 23, 17291 Tornow', '1977-02-26'),
(1927, 'Lutz Raschke', 'Landgraben 48, 29227 Celle', '1949-12-18'),
(1931, 'Otto Pfauch', 'Poelitzallee 15, 09366 Stollberg', '1966-07-25'),
(1933, 'Else Leutert', 'Bachufer 37, 55767 Rinzenberg', '1977-03-29'),
(1937, 'Fritz Timmel', 'Eichenstrasse 16, 50171 Kerpen', '1940-11-17'),
(1939, 'Werner Pfanne', 'Ostberg 46, 67829 Schmittweiler', '1944-06-11'),
(1943, 'Carsten Neumeister', 'Abteigraben 35, 45966 Gladbeck', '1944-08-30'),
(1949, 'Erik Illing', 'Bahnhofufer 10, 70734 Fellbach', '1965-08-26'),
(1951, 'Ernst Oppermann', 'Bachgasse 5, 15910 Rietze', '1957-04-18'),
(1957, 'Katrin Plewe', 'Knappenstrasse 11, 27472 Cuxhaven', '1942-04-27'),
(1961, 'Rainer Mueller', 'Seeufer 14, 56479 Neustadt', '1934-01-20'),
(1963, 'Inge Neumann', 'Angerufer 50, 17449 Trassenheide', '1944-08-01'),
(1967, 'Karin Pfanne', 'Bergmannsgraben 44, 09126 Chemnitz', '1935-07-19'),
(1969, 'Barbara Fuckel', 'Landgraben 24, 15910 Rietze', '1942-02-25'),
(1973, 'Holger Bliemel', 'Bleichberg 42, 49811 Lingen', '1953-03-29'),
(1979, 'Joachim Bunzel', 'Poststrasse 49, 03055 Sielow', '1963-01-27'),
(1981, 'Achim Rupert', 'Knappenberg 1, 27721 Rittershude', '1936-10-26'),
(1987, 'Peter Rebew', 'Bergmannsufer 21, 67829 Schmittweiler', '1932-10-12'),
(1991, 'Margarete Plahr', 'Neugasse 19, 31787 Hameln', '1933-10-08'),
(1993, 'Frank Wandel', 'Uferstrasse 37, 50127 Bergheim', '1955-05-24'),
(1997, 'Isabelle Jentsch', 'Buchenallee 46, 09353 Oberlungwitz', '1974-03-06'),
(1999, 'Maria Krug', 'Pappelufer 21, 44807 Bochum', '1955-08-29');

-- --------------------------------------------------------

--
-- Table structure for table `pilot`
--

CREATE TABLE `pilot` (
  `pinr` int(11) NOT NULL,
  `name` varchar(50) DEFAULT NULL,
  `gebdat` date DEFAULT NULL,
  `quali` varchar(30) DEFAULT NULL,
  `flug_h` int(11) DEFAULT NULL
) ENGINE=InnoDB DEFAULT CHARSET=utf8mb4;

--
-- Dumping data for table `pilot`
--

INSERT INTO `pilot` (`pinr`, `name`, `gebdat`, `quali`, `flug_h`) VALUES
(0, 'Wolf Gang', '1956-04-01', 'Pilot', 42),
(1, 'Jan Kretschmer', '1959-12-05', 'Pilot', 2188),
(2, 'Nico Oppermann', '1969-01-10', 'Pilot', 2151),
(3, 'Jan Hummel', '1976-01-28', 'Captain', 350),
(4, 'Jan Berger', '1974-09-19', 'Chiefpilot', 826),
(5, 'Helmut Pampel', '1971-09-29', 'Pilot', 555),
(6, 'Ronny Schmidt', '1968-03-07', 'Captain', 1754),
(7, 'Marsell Reier', '1955-07-26', 'Chiefpilot', 278),
(8, 'Kurt Bliemel', '1959-08-13', 'Chiefpilot', 1655),
(9, 'Ronny Drescher', '1964-02-26', 'Chiefpilot', 1156),
(10, 'Edmund Langer', '1971-03-08', 'Captain', 1738),
(11, 'Jim Wandel', '1972-09-14', 'Pilot', 547),
(12, 'Andre Ebert', '1955-02-07', 'Chiefpilot', 523),
(13, 'Swen Huber', '1979-11-10', 'Pilot', 1910),
(14, 'Veit Funke', '1969-09-10', 'Chiefpilot', 1980),
(15, 'Erik Kunze', '1979-02-07', 'Pilot', 2214),
(16, 'Marsell Hammer', '1972-04-17', 'Pilot', 281),
(17, 'Martin Langer', '1973-03-21', 'Captain', 493),
(18, 'Markus Geiler', '1970-01-03', 'Chiefpilot', 387),
(19, 'Swen Arnold', '1959-05-12', 'Captain', 1690),
(20, 'Kalle Ebert', '1978-09-10', 'Chiefpilot', 255),
(21, 'Holger Ackermann', '1964-05-21', 'Pilot', 2112),
(22, 'Rainer Nowik', '1968-04-18', 'Captain', 1496),
(23, 'Martin Kretschel', '1976-05-22', 'Pilot', 919),
(24, 'Theo Geiler', '1957-08-26', 'Pilot', 1139),
(25, 'Martin Plahr', '1978-07-08', 'Captain', 1708),
(26, 'Kalle Hummel', '1970-07-03', 'Chiefpilot', 384),
(27, 'Fritz Linke', '1956-06-04', 'Pilot', 982),
(28, 'Rene Nitzsche', '1960-10-24', 'Captain', 1464),
(29, 'Sebastian Seiler', '1968-01-09', 'Pilot', 1747),
(30, 'Rene Rebew', '1958-01-14', 'Captain', 380),
(31, 'Swen Ahnert', '1962-02-17', 'Chiefpilot', 1408),
(32, 'Sam Pfanne', '1973-03-31', 'Captain', 1262),
(33, 'Jan Haupner', '1970-09-12', 'Chiefpilot', 1659),
(34, 'Jim Ramm', '1976-04-27', 'Captain', 752),
(35, 'Torsten Strauch', '1976-03-05', 'Captain', 829),
(36, 'Torsten Krug', '1978-09-10', 'Chiefpilot', 378),
(37, 'Theo Schulz', '1969-05-26', 'Chiefpilot', 1248),
(38, 'Erik Gaudl', '1958-05-06', 'Chiefpilot', 1626),
(39, 'Kurt Reichel', '1960-02-09', 'Captain', 1381),
(40, 'Torsten Fruehauf', '1963-11-08', 'Captain', 515),
(41, 'Ronny Fuhrmann', '1961-10-06', 'Captain', 1377),
(42, 'Bernd Stuebner', '1956-07-28', 'Chiefpilot', 1407),
(43, 'Ingo Wandel', '1968-05-04', 'Captain', 1463),
(44, 'Veit Meier', '1963-09-04', 'Captain', 804),
(45, 'Luis Klabon', '1955-05-28', 'Pilot', 759),
(46, 'Lutz Fuhrmann', '1963-02-26', 'Chiefpilot', 664),
(47, 'Erik Meier', '1955-02-08', 'Chiefpilot', 1251),
(48, 'Albert Keller', '1963-03-02', 'Pilot', 584),
(49, 'Luis Funke', '1979-06-16', 'Captain', 240),
(50, 'Achim Mischke', '1959-02-11', 'Captain', 1159),
(51, 'Leon Huber', '1957-04-24', 'Captain', 736),
(52, 'Marsell Brink', '1967-05-22', 'Chiefpilot', 1428),
(53, 'Otto Thom', '1968-04-07', 'Captain', 1037),
(54, 'Ernst Pfeifer', '1975-11-13', 'Chiefpilot', 1442),
(55, 'Rainer Kante', '1956-03-02', 'Chiefpilot', 537),
(56, 'Egon Hader', '1979-10-10', 'Chiefpilot', 603),
(57, 'David Ahnert', '1957-06-12', 'Captain', 2157),
(58, 'Albert Geisler', '1965-08-27', 'Pilot', 815),
(59, 'Theo Pflug', '1973-06-15', 'Chiefpilot', 1143),
(60, 'Sebastian Pflug', '1960-09-13', 'Captain', 859),
(61, 'Nico Marks', '1963-11-12', 'Chiefpilot', 333),
(62, 'Helmut Engel', '1958-11-08', 'Chiefpilot', 326),
(63, 'Bernd Mehnert', '1961-01-20', 'Chiefpilot', 1588),
(64, 'Rainer Nowik', '1970-04-24', 'Chiefpilot', 918),
(65, 'Achim Kante', '1968-03-23', 'Pilot', 531),
(66, 'Ernst Pfeifer', '1958-12-17', 'Chiefpilot', 1259),
(67, 'Gerhard Paufler', '1961-02-24', 'Chiefpilot', 1300),
(68, 'Peter Fruehauf', '1956-11-04', 'Chiefpilot', 726),
(69, 'Leon Mischke', '1969-03-13', 'Chiefpilot', 1730),
(70, 'Egon Fruehauf', '1970-05-15', 'Pilot', 1055),
(71, 'Jan Kaden', '1971-02-08', 'Captain', 1647),
(72, 'Klaus Plahr', '1967-02-28', 'Pilot', 948),
(73, 'Gerhard Latsch', '1966-11-13', 'Captain', 427),
(74, 'Torsten Kache', '1957-06-22', 'Captain', 630),
(75, 'Sam Kache', '1959-03-28', 'Captain', 878),
(76, 'Peter Sporbert', '1955-09-25', 'Chiefpilot', 540),
(77, 'Ronny Raschke', '1976-08-05', 'Pilot', 859),
(78, 'Sebastian Kersten', '1961-02-27', 'Captain', 2018),
(79, 'Helmut Fuckel', '1958-05-20', 'Captain', 780),
(80, 'Torsten Strauch', '1967-08-13', 'Pilot', 2103),
(81, 'Rainer Sporbert', '1956-08-21', 'Pilot', 622),
(82, 'David Klabon', '1976-06-28', 'Captain', 2074),
(83, 'David Linke', '1963-11-26', 'Chiefpilot', 863),
(84, 'Fritz Strauch', '1956-03-16', 'Pilot', 1760),
(85, 'Andre Timmel', '1971-09-29', 'Chiefpilot', 1755),
(86, 'Jim Berger', '1956-02-01', 'Pilot', 1744),
(87, 'Achim Griebel', '1977-05-24', 'Pilot', 772),
(88, 'Nico Mueller', '1961-08-18', 'Captain', 1377),
(89, 'Ingo Illing', '1974-02-03', 'Pilot', 550),
(90, 'Holger Kretschmer', '1978-06-16', 'Captain', 647),
(91, 'Edmund Schmidt', '1957-11-21', 'Chiefpilot', 1450),
(92, 'Bernd Stuebner', '1955-03-12', 'Captain', 1487),
(93, 'Veit Pfanne', '1978-12-15', 'Captain', 1820),
(94, 'Peter Illing', '1976-11-29', 'Pilot', 1726),
(95, 'David Pietzsch', '1969-09-07', 'Pilot', 1269),
(96, 'Werner Huber', '1979-08-06', 'Pilot', 1334),
(97, 'Ingo Moeller', '1956-11-01', 'Chiefpilot', 1061),
(98, 'Ulrich Pfeifer', '1976-06-08', 'Chiefpilot', 1880),
(99, 'Ulrich Pietzsch', '1963-04-30', 'Chiefpilot', 885),
(100, 'Nico Kaden', '1965-01-06', 'Chiefpilot', 1887),
(101, 'Sebastian Escher', '1960-01-03', 'Captain', 1454),
(102, 'Frank Mischke', '1979-02-19', 'Chiefpilot', 1892),
(103, 'Marsell Nowik', '1972-08-22', 'Pilot', 920),
(104, 'Klaus Kretschel', '1967-01-21', 'Chiefpilot', 279),
(105, 'Ernst Kaden', '1966-04-16', 'Chiefpilot', 917),
(106, 'Jan Kache', '1958-01-09', 'Chiefpilot', 2174),
(107, 'Carsten Plahr', '1965-06-02', 'Captain', 1359),
(108, 'Nico Gelfert', '1978-04-01', 'Pilot', 1719),
(109, 'Lutz Kretschel', '1967-01-30', 'Pilot', 1993),
(110, 'Rainer Stucke', '1976-12-01', 'Chiefpilot', 1186),
(111, 'Albert Bunzel', '1977-08-29', 'Chiefpilot', 1897),
(112, 'Joachim Lipp', '1969-07-07', 'Pilot', 1956),
(113, 'Werner Hummel', '1972-10-11', 'Chiefpilot', 1574),
(114, 'Heinz Arnold', '1969-05-28', 'Pilot', 706),
(115, 'Theo Latsch', '1955-11-20', 'Chiefpilot', 401),
(116, 'Carsten Hammer', '1971-02-24', 'Chiefpilot', 1388),
(117, 'Oliver Hunger', '1971-02-14', 'Captain', 2003),
(118, 'Kurt Pampel', '1960-08-21', 'Chiefpilot', 526),
(119, 'Klaus Arnold', '1974-03-11', 'Pilot', 705),
(120, 'Gerhard Hummel', '1958-10-12', 'Pilot', 921),
(121, 'Andre Stucke', '1960-11-09', 'Chiefpilot', 846),
(122, 'Gerhard Kache', '1973-09-11', 'Pilot', 1598),
(123, 'Albert Stuebner', '1969-06-27', 'Pilot', 1239),
(124, 'Jan Langer', '1973-06-03', 'Chiefpilot', 1949),
(125, 'Veit Rebew', '1959-01-16', 'Chiefpilot', 1177),
(126, 'Kurt Fruehauf', '1977-12-15', 'Pilot', 1043),
(127, 'Ingo Geisler', '1968-11-19', 'Pilot', 1415),
(128, 'Hans Hader', '1957-05-31', 'Pilot', 1308),
(129, 'Emil Raschke', '1973-05-12', 'Captain', 1312),
(130, 'Frank Leutert', '1966-09-23', 'Chiefpilot', 1637),
(131, 'Sebastian Fuhrmann', '1973-08-04', 'Captain', 641),
(132, 'Klaus Wandel', '1977-07-12', 'Pilot', 1775),
(133, 'Sam Mehnert', '1965-03-09', 'Captain', 292),
(134, 'Albert Keller', '1971-03-23', 'Captain', 447),
(135, 'Sam Drescher', '1962-03-31', 'Pilot', 1200),
(136, 'Kalle Krug', '1970-04-19', 'Pilot', 385),
(137, 'Sam Jentsch', '1962-11-10', 'Captain', 763),
(138, 'Oliver Langer', '1979-01-20', 'Chiefpilot', 1751),
(139, 'Markus Arnold', '1955-10-19', 'Chiefpilot', 2001),
(140, 'Ronny Leutert', '1957-01-26', 'Chiefpilot', 487),
(141, 'Albert Seiler', '1971-08-08', 'Pilot', 613),
(142, 'Andre Pflug', '1970-11-23', 'Captain', 1824),
(143, 'Fritz Gelfert', '1968-01-25', 'Captain', 1055),
(144, 'Klaus Neumann', '1968-07-25', 'Captain', 2231),
(145, 'Ronny Pfanne', '1976-02-07', 'Chiefpilot', 2153),
(146, 'Gerhard Kaden', '1959-06-24', 'Captain', 2062),
(147, 'Nico Timmel', '1964-08-23', 'Captain', 2131),
(148, 'Helmut Wandel', '1970-12-22', 'Pilot', 932),
(149, 'Oliver Hunger', '1980-01-17', 'Chiefpilot', 540),
(150, 'Helmut Krone', '1974-02-10', 'Chiefpilot', 356),
(151, 'David Illing', '1967-08-19', 'Pilot', 638),
(152, 'Jim Thom', '1964-05-10', 'Chiefpilot', 1987),
(153, 'Ulrich Pfauch', '1978-11-11', 'Pilot', 1934),
(154, 'Bernd Griebel', '1958-12-31', 'Pilot', 1777),
(155, 'Werner Brink', '1955-02-20', 'Chiefpilot', 1630),
(156, 'Kalle Ramm', '1969-12-16', 'Pilot', 1691),
(157, 'Ingo Herold', '1979-12-31', 'Captain', 1821),
(158, 'Fritz Melzer', '1958-09-16', 'Pilot', 1111),
(159, 'Andre Arnold', '1955-07-01', 'Pilot', 239),
(160, 'Ernst Plahr', '1963-11-18', 'Chiefpilot', 1945),
(161, 'Klaus Ebert', '1962-05-01', 'Pilot', 313),
(162, 'Andre Leutert', '1979-01-19', 'Pilot', 1385),
(163, 'Gerhard Nowik', '1959-07-01', 'Pilot', 1042),
(164, 'Oliver Pietzsch', '1976-04-16', 'Captain', 806),
(165, 'Holger Berger', '1958-11-28', 'Pilot', 1311),
(166, 'Fritz Ackermann', '1962-08-02', 'Chiefpilot', 487),
(167, 'Gerhard Nowik', '1976-08-21', 'Pilot', 624),
(168, 'Theo Funke', '1962-12-21', 'Chiefpilot', 896),
(169, 'Jim Geisler', '1961-03-03', 'Captain', 1030),
(170, 'Swen Kersten', '1963-03-27', 'Chiefpilot', 2049),
(171, 'Sebastian Rupert', '1965-06-24', 'Chiefpilot', 1408),
(172, 'Bernd Kruspe', '1960-12-01', 'Pilot', 532),
(173, 'David Ebert', '1955-10-31', 'Chiefpilot', 2166),
(174, 'Bernd Langer', '1965-05-01', 'Pilot', 357),
(175, 'Swen Nitzsche', '1976-09-27', 'Captain', 1926),
(176, 'Martin Strauch', '1969-01-02', 'Captain', 292),
(177, 'Klaus Seiler', '1961-08-03', 'Captain', 525),
(178, 'Peter Gelfert', '1974-02-07', 'Chiefpilot', 2031),
(179, 'Kurt Kante', '1974-11-30', 'Pilot', 478),
(180, 'Martin Pflug', '1971-06-02', 'Chiefpilot', 2031),
(181, 'Torsten Mueller', '1975-04-15', 'Pilot', 1029),
(182, 'Wolfgang Griebel', '1973-08-10', 'Chiefpilot', 1882),
(183, 'Kalle Marks', '1966-09-12', 'Chiefpilot', 1948),
(184, 'Rainer Drescher', '1973-03-14', 'Pilot', 1727),
(185, 'Achim Kersten', '1976-04-03', 'Pilot', 1959),
(186, 'Holger Ebert', '1974-12-15', 'Chiefpilot', 1783),
(187, 'Theo Kretschmer', '1957-04-22', 'Captain', 1278),
(188, 'Kurt Herrmann', '1978-11-15', 'Chiefpilot', 1719),
(189, 'Ronny Keller', '1977-03-27', 'Pilot', 1021),
(190, 'Sebastian Weise', '1978-04-04', 'Captain', 1620),
(191, 'Otto Melzer', '1957-07-02', 'Pilot', 417),
(192, 'Rainer Kersten', '1967-05-12', 'Chiefpilot', 1296),
(193, 'Rene Meister', '1959-11-08', 'Chiefpilot', 505),
(194, 'Fritz Wandel', '1977-01-03', 'Pilot', 1117),
(195, 'Sebastian Pampel', '1963-08-17', 'Chiefpilot', 421),
(196, 'Achim Schmidt', '1957-08-31', 'Pilot', 856),
(197, 'Erik Fuckel', '1970-01-10', 'Pilot', 1665),
(198, 'Joachim Hunger', '1961-03-18', 'Captain', 236),
(199, 'Marsell Hammer', '1963-11-03', 'Pilot', 1862);

--
-- Indexes for dumped tables
--

--
-- Indexes for table `angestellt`
--
ALTER TABLE `angestellt`
  ADD PRIMARY KEY (`pinr`);

--
-- Indexes for table `bestand`
--
ALTER TABLE `bestand`
  ADD PRIMARY KEY (`fznr`);

--
-- Indexes for table `buchung`
--
ALTER TABLE `buchung`
  ADD PRIMARY KEY (`fnr`,`panr`);

--
-- Indexes for table `flug`
--
ALTER TABLE `flug`
  ADD PRIMARY KEY (`fnr`);

--
-- Indexes for table `fztyp`
--
ALTER TABLE `fztyp`
  ADD PRIMARY KEY (`typ`);

--
-- Indexes for table `gesell`
--
ALTER TABLE `gesell`
  ADD PRIMARY KEY (`gesell_bez`);

--
-- Indexes for table `maschine`
--
ALTER TABLE `maschine`
  ADD PRIMARY KEY (`fznr`);

--
-- Indexes for table `passagier`
--
ALTER TABLE `passagier`
  ADD PRIMARY KEY (`panr`);

--
-- Indexes for table `pilot`
--
ALTER TABLE `pilot`
  ADD PRIMARY KEY (`pinr`);
--
-- Database: `flight_search`
--
CREATE DATABASE IF NOT EXISTS `flight_search` DEFAULT CHARACTER SET utf8 COLLATE utf8_unicode_ci;
USE `flight_search`;

-- --------------------------------------------------------

--
-- Table structure for table `city`
--

CREATE TABLE `city` (
  `cityId` int(11) NOT NULL,
  `cityCode` varchar(255) NOT NULL,
  `cityName` varchar(255) NOT NULL
) ENGINE=InnoDB DEFAULT CHARSET=utf8mb4;

--
-- Dumping data for table `city`
--

INSERT INTO `city` (`cityId`, `cityCode`, `cityName`) VALUES
(1, 'LON', ' london'),
(2, 'MAN', 'manchester'),
(3, 'GLA', 'glasgow'),
(4, 'PAR', 'paris'),
(5, 'LYO', 'lyon'),
(6, 'MAR', 'marseille'),
(7, 'MAD', 'madrid'),
(8, 'BCN', 'barcelona'),
(9, 'BIL', 'bilbao'),
(10, 'LIS', 'lisabon'),
(11, 'BRU', 'brussels'),
(12, 'AMS', 'amsterdam'),
(13, 'STK', 'stockholm'),
(14, 'BER', 'berlin'),
(15, 'HAM', 'hamburg'),
(16, 'CGN', 'cologne'),
(17, 'MUN', 'munich'),
(18, 'WAR', 'warsaw'),
(19, 'PRG', 'prague'),
(20, 'VIE', 'vienna'),
(21, 'ANK', 'ankara'),
(22, 'IST', 'istanbul'),
(23, 'ROM', 'rome'),
(24, 'MIL', 'milano'),
(25, 'RDJ', 'rio de janeiro'),
(26, 'SAN', 'santiago de chile');

-- --------------------------------------------------------

--
-- Table structure for table `company`
--

CREATE TABLE `company` (
  `companyId` int(11) NOT NULL,
  `companyLogo` varchar(100) NOT NULL,
  `companyName` varchar(100) NOT NULL
) ENGINE=InnoDB DEFAULT CHARSET=utf8mb4;

--
-- Dumping data for table `company`
--

INSERT INTO `company` (`companyId`, `companyLogo`, `companyName`) VALUES
(1, 'https://bit.ly/2I364I3', 'british airways'),
(2, 'https://bit.ly/2JG8nS0', 'turkish airlines'),
(3, 'https://bit.ly/3g2FKKF', 'air france'),
(4, 'https://bit.ly/3lAfGb8', 'alitalia'),
(5, 'https://bit.ly/3lDJSSt', 'airberlin'),
(6, 'https://bit.ly/2I8rnbo', 'lufthansa'),
(7, 'https://bit.ly/2JDirLq', 'iberia'),
(8, 'https://bit.ly/3mDx67S', 'easyjet');

-- --------------------------------------------------------

--
-- Table structure for table `flights`
--

CREATE TABLE `flights` (
  `flightId` int(11) NOT NULL,
  `departure` int(11) DEFAULT NULL,
  `destination` int(11) DEFAULT NULL,
  `hourOfStart` time NOT NULL,
  `hourOfLanding` time NOT NULL,
  `companyId` int(11) DEFAULT NULL,
  `duration` varchar(50) NOT NULL,
  `frequency` varchar(20) NOT NULL,
  `price` decimal(5,2) DEFAULT NULL,
  `isSpecialOffer` tinyint(1) NOT NULL
) ENGINE=InnoDB DEFAULT CHARSET=utf8mb4;

--
-- Dumping data for table `flights`
--

INSERT INTO `flights` (`flightId`, `departure`, `destination`, `hourOfStart`, `hourOfLanding`, `companyId`, `duration`, `frequency`, `price`, `isSpecialOffer`) VALUES
(3, 1, 14, '07:00:00', '08:30:00', 1, '1:30 h', 'daily', '79.99', 0),
(4, 1, 7, '07:00:00', '08:30:00', 7, '1:30 h', 'daily', '79.99', 0),
(5, 1, 8, '09:00:00', '10:30:00', 7, '1:30 h', 'daily', '89.99', 0),
(6, 7, 8, '11:00:00', '11:30:00', 7, '0:30 h', 'daily', '59.99', 0),
(7, 7, 23, '10:00:00', '20:30:00', 7, '10:30 h', 'daily', '189.99', 0),
(8, 23, 7, '09:00:00', '19:30:00', 7, '10:30 h', 'daily', '189.99', 0),
(9, 19, 12, '12:00:00', '15:30:00', 8, '3:30 h', 'daily', '21.99', 1),
(10, 12, 19, '16:00:00', '19:30:00', 8, '3:30 h', 'daily', '21.99', 1),
(11, 12, 7, '06:00:00', '09:30:00', 7, '3:30 h', 'daily', '89.99', 0),
(12, 7, 12, '09:00:00', '11:30:00', 8, '1:30 h', 'daily', '79.99', 0);

--
-- Indexes for dumped tables
--

--
-- Indexes for table `city`
--
ALTER TABLE `city`
  ADD PRIMARY KEY (`cityId`);

--
-- Indexes for table `company`
--
ALTER TABLE `company`
  ADD PRIMARY KEY (`companyId`);

--
-- Indexes for table `flights`
--
ALTER TABLE `flights`
  ADD PRIMARY KEY (`flightId`),
  ADD KEY `destination` (`destination`),
  ADD KEY `companyId` (`companyId`),
  ADD KEY `departure` (`departure`);

--
-- AUTO_INCREMENT for dumped tables
--

--
-- AUTO_INCREMENT for table `city`
--
ALTER TABLE `city`
  MODIFY `cityId` int(11) NOT NULL AUTO_INCREMENT, AUTO_INCREMENT=27;

--
-- AUTO_INCREMENT for table `company`
--
ALTER TABLE `company`
  MODIFY `companyId` int(11) NOT NULL AUTO_INCREMENT, AUTO_INCREMENT=9;

--
-- AUTO_INCREMENT for table `flights`
--
ALTER TABLE `flights`
  MODIFY `flightId` int(11) NOT NULL AUTO_INCREMENT, AUTO_INCREMENT=13;

--
-- Constraints for dumped tables
--

--
-- Constraints for table `flights`
--
ALTER TABLE `flights`
  ADD CONSTRAINT `flights_ibfk_1` FOREIGN KEY (`departure`) REFERENCES `city` (`cityId`),
  ADD CONSTRAINT `flights_ibfk_2` FOREIGN KEY (`destination`) REFERENCES `city` (`cityId`),
  ADD CONSTRAINT `flights_ibfk_3` FOREIGN KEY (`companyId`) REFERENCES `company` (`companyId`),
  ADD CONSTRAINT `flights_ibfk_4` FOREIGN KEY (`departure`) REFERENCES `city` (`cityId`);
--
-- Database: `phpmyadmin`
--
CREATE DATABASE IF NOT EXISTS `phpmyadmin` DEFAULT CHARACTER SET utf8 COLLATE utf8_bin;
USE `phpmyadmin`;

-- --------------------------------------------------------

--
-- Table structure for table `pma__bookmark`
--

CREATE TABLE `pma__bookmark` (
  `id` int(11) NOT NULL,
  `dbase` varchar(255) COLLATE utf8_bin NOT NULL DEFAULT '',
  `user` varchar(255) COLLATE utf8_bin NOT NULL DEFAULT '',
  `label` varchar(255) CHARACTER SET utf8 NOT NULL DEFAULT '',
  `query` text COLLATE utf8_bin NOT NULL
) ENGINE=InnoDB DEFAULT CHARSET=utf8 COLLATE=utf8_bin COMMENT='Bookmarks';

-- --------------------------------------------------------

--
-- Table structure for table `pma__central_columns`
--

CREATE TABLE `pma__central_columns` (
  `db_name` varchar(64) COLLATE utf8_bin NOT NULL,
  `col_name` varchar(64) COLLATE utf8_bin NOT NULL,
  `col_type` varchar(64) COLLATE utf8_bin NOT NULL,
  `col_length` text COLLATE utf8_bin DEFAULT NULL,
  `col_collation` varchar(64) COLLATE utf8_bin NOT NULL,
  `col_isNull` tinyint(1) NOT NULL,
  `col_extra` varchar(255) COLLATE utf8_bin DEFAULT '',
  `col_default` text COLLATE utf8_bin DEFAULT NULL
) ENGINE=InnoDB DEFAULT CHARSET=utf8 COLLATE=utf8_bin COMMENT='Central list of columns';

-- --------------------------------------------------------

--
-- Table structure for table `pma__column_info`
--

CREATE TABLE `pma__column_info` (
  `id` int(5) UNSIGNED NOT NULL,
  `db_name` varchar(64) COLLATE utf8_bin NOT NULL DEFAULT '',
  `table_name` varchar(64) COLLATE utf8_bin NOT NULL DEFAULT '',
  `column_name` varchar(64) COLLATE utf8_bin NOT NULL DEFAULT '',
  `comment` varchar(255) CHARACTER SET utf8 NOT NULL DEFAULT '',
  `mimetype` varchar(255) CHARACTER SET utf8 NOT NULL DEFAULT '',
  `transformation` varchar(255) COLLATE utf8_bin NOT NULL DEFAULT '',
  `transformation_options` varchar(255) COLLATE utf8_bin NOT NULL DEFAULT '',
  `input_transformation` varchar(255) COLLATE utf8_bin NOT NULL DEFAULT '',
  `input_transformation_options` varchar(255) COLLATE utf8_bin NOT NULL DEFAULT ''
) ENGINE=InnoDB DEFAULT CHARSET=utf8 COLLATE=utf8_bin COMMENT='Column information for phpMyAdmin';

-- --------------------------------------------------------

--
-- Table structure for table `pma__designer_settings`
--

CREATE TABLE `pma__designer_settings` (
  `username` varchar(64) COLLATE utf8_bin NOT NULL,
  `settings_data` text COLLATE utf8_bin NOT NULL
) ENGINE=InnoDB DEFAULT CHARSET=utf8 COLLATE=utf8_bin COMMENT='Settings related to Designer';

-- --------------------------------------------------------

--
-- Table structure for table `pma__export_templates`
--

CREATE TABLE `pma__export_templates` (
  `id` int(5) UNSIGNED NOT NULL,
  `username` varchar(64) COLLATE utf8_bin NOT NULL,
  `export_type` varchar(10) COLLATE utf8_bin NOT NULL,
  `template_name` varchar(64) COLLATE utf8_bin NOT NULL,
  `template_data` text COLLATE utf8_bin NOT NULL
) ENGINE=InnoDB DEFAULT CHARSET=utf8 COLLATE=utf8_bin COMMENT='Saved export templates';

--
-- Dumping data for table `pma__export_templates`
--

INSERT INTO `pma__export_templates` (`id`, `username`, `export_type`, `template_name`, `template_data`) VALUES
(1, 'root', 'table', 'flights_search_initial', '{\"quick_or_custom\":\"quick\",\"what\":\"sql\",\"allrows\":\"1\",\"aliases_new\":\"\",\"output_format\":\"sendit\",\"filename_template\":\"@TABLE@\",\"remember_template\":\"on\",\"charset\":\"utf-8\",\"compression\":\"none\",\"maxsize\":\"\",\"codegen_structure_or_data\":\"data\",\"codegen_format\":\"0\",\"csv_separator\":\",\",\"csv_enclosed\":\"\\\"\",\"csv_escaped\":\"\\\"\",\"csv_terminated\":\"AUTO\",\"csv_null\":\"NULL\",\"csv_structure_or_data\":\"data\",\"excel_null\":\"NULL\",\"excel_columns\":\"something\",\"excel_edition\":\"win\",\"excel_structure_or_data\":\"data\",\"json_structure_or_data\":\"data\",\"json_unicode\":\"something\",\"latex_caption\":\"something\",\"latex_structure_or_data\":\"structure_and_data\",\"latex_structure_caption\":\"Structure of table @TABLE@\",\"latex_structure_continued_caption\":\"Structure of table @TABLE@ (continued)\",\"latex_structure_label\":\"tab:@TABLE@-structure\",\"latex_relation\":\"something\",\"latex_comments\":\"something\",\"latex_mime\":\"something\",\"latex_columns\":\"something\",\"latex_data_caption\":\"Content of table @TABLE@\",\"latex_data_continued_caption\":\"Content of table @TABLE@ (continued)\",\"latex_data_label\":\"tab:@TABLE@-data\",\"latex_null\":\"\\\\textit{NULL}\",\"mediawiki_structure_or_data\":\"data\",\"mediawiki_caption\":\"something\",\"mediawiki_headers\":\"something\",\"htmlword_structure_or_data\":\"structure_and_data\",\"htmlword_null\":\"NULL\",\"ods_null\":\"NULL\",\"ods_structure_or_data\":\"data\",\"odt_structure_or_data\":\"structure_and_data\",\"odt_relation\":\"something\",\"odt_comments\":\"something\",\"odt_mime\":\"something\",\"odt_columns\":\"something\",\"odt_null\":\"NULL\",\"phparray_structure_or_data\":\"data\",\"sql_include_comments\":\"something\",\"sql_header_comment\":\"\",\"sql_use_transaction\":\"something\",\"sql_compatibility\":\"NONE\",\"sql_structure_or_data\":\"structure_and_data\",\"sql_create_table\":\"something\",\"sql_auto_increment\":\"something\",\"sql_create_view\":\"something\",\"sql_create_trigger\":\"something\",\"sql_backquotes\":\"something\",\"sql_type\":\"INSERT\",\"sql_insert_syntax\":\"both\",\"sql_max_query_size\":\"50000\",\"sql_hex_for_binary\":\"something\",\"sql_utc_time\":\"something\",\"texytext_structure_or_data\":\"structure_and_data\",\"texytext_null\":\"NULL\",\"xml_structure_or_data\":\"data\",\"xml_export_events\":\"something\",\"xml_export_functions\":\"something\",\"xml_export_procedures\":\"something\",\"xml_export_tables\":\"something\",\"xml_export_triggers\":\"something\",\"xml_export_views\":\"something\",\"xml_export_contents\":\"something\",\"yaml_structure_or_data\":\"data\",\"\":null,\"lock_tables\":null,\"csv_removeCRLF\":null,\"csv_columns\":null,\"excel_removeCRLF\":null,\"json_pretty_print\":null,\"htmlword_columns\":null,\"ods_columns\":null,\"sql_dates\":null,\"sql_relation\":null,\"sql_mime\":null,\"sql_disable_fk\":null,\"sql_views_as_tables\":null,\"sql_metadata\":null,\"sql_drop_table\":null,\"sql_if_not_exists\":null,\"sql_view_current_user\":null,\"sql_or_replace_view\":null,\"sql_procedure_function\":null,\"sql_truncate\":null,\"sql_delayed\":null,\"sql_ignore\":null,\"texytext_columns\":null}');

-- --------------------------------------------------------

--
-- Table structure for table `pma__favorite`
--

CREATE TABLE `pma__favorite` (
  `username` varchar(64) COLLATE utf8_bin NOT NULL,
  `tables` text COLLATE utf8_bin NOT NULL
) ENGINE=InnoDB DEFAULT CHARSET=utf8 COLLATE=utf8_bin COMMENT='Favorite tables';

-- --------------------------------------------------------

--
-- Table structure for table `pma__history`
--

CREATE TABLE `pma__history` (
  `id` bigint(20) UNSIGNED NOT NULL,
  `username` varchar(64) COLLATE utf8_bin NOT NULL DEFAULT '',
  `db` varchar(64) COLLATE utf8_bin NOT NULL DEFAULT '',
  `table` varchar(64) COLLATE utf8_bin NOT NULL DEFAULT '',
  `timevalue` timestamp NOT NULL DEFAULT current_timestamp(),
  `sqlquery` text COLLATE utf8_bin NOT NULL
) ENGINE=InnoDB DEFAULT CHARSET=utf8 COLLATE=utf8_bin COMMENT='SQL history for phpMyAdmin';

-- --------------------------------------------------------

--
-- Table structure for table `pma__navigationhiding`
--

CREATE TABLE `pma__navigationhiding` (
  `username` varchar(64) COLLATE utf8_bin NOT NULL,
  `item_name` varchar(64) COLLATE utf8_bin NOT NULL,
  `item_type` varchar(64) COLLATE utf8_bin NOT NULL,
  `db_name` varchar(64) COLLATE utf8_bin NOT NULL,
  `table_name` varchar(64) COLLATE utf8_bin NOT NULL
) ENGINE=InnoDB DEFAULT CHARSET=utf8 COLLATE=utf8_bin COMMENT='Hidden items of navigation tree';

-- --------------------------------------------------------

--
-- Table structure for table `pma__pdf_pages`
--

CREATE TABLE `pma__pdf_pages` (
  `db_name` varchar(64) COLLATE utf8_bin NOT NULL DEFAULT '',
  `page_nr` int(10) UNSIGNED NOT NULL,
  `page_descr` varchar(50) CHARACTER SET utf8 NOT NULL DEFAULT ''
) ENGINE=InnoDB DEFAULT CHARSET=utf8 COLLATE=utf8_bin COMMENT='PDF relation pages for phpMyAdmin';

-- --------------------------------------------------------

--
-- Table structure for table `pma__recent`
--

CREATE TABLE `pma__recent` (
  `username` varchar(64) COLLATE utf8_bin NOT NULL,
  `tables` text COLLATE utf8_bin NOT NULL
) ENGINE=InnoDB DEFAULT CHARSET=utf8 COLLATE=utf8_bin COMMENT='Recently accessed tables';

--
-- Dumping data for table `pma__recent`
--

INSERT INTO `pma__recent` (`username`, `tables`) VALUES
('root', '[{\"db\":\"flight_search\",\"table\":\"flights\"},{\"db\":\"flight_search\",\"table\":\"company\"},{\"db\":\"flight_search\",\"table\":\"city\"},{\"db\":\"air_db\",\"table\":\"flug\"},{\"db\":\"air_db\",\"table\":\"maschine\"},{\"db\":\"air_db\",\"table\":\"fztyp\"},{\"db\":\"air_db\",\"table\":\"pilot\"},{\"db\":\"air_db\",\"table\":\"passagier\"}]');

-- --------------------------------------------------------

--
-- Table structure for table `pma__relation`
--

CREATE TABLE `pma__relation` (
  `master_db` varchar(64) COLLATE utf8_bin NOT NULL DEFAULT '',
  `master_table` varchar(64) COLLATE utf8_bin NOT NULL DEFAULT '',
  `master_field` varchar(64) COLLATE utf8_bin NOT NULL DEFAULT '',
  `foreign_db` varchar(64) COLLATE utf8_bin NOT NULL DEFAULT '',
  `foreign_table` varchar(64) COLLATE utf8_bin NOT NULL DEFAULT '',
  `foreign_field` varchar(64) COLLATE utf8_bin NOT NULL DEFAULT ''
) ENGINE=InnoDB DEFAULT CHARSET=utf8 COLLATE=utf8_bin COMMENT='Relation table';

-- --------------------------------------------------------

--
-- Table structure for table `pma__savedsearches`
--

CREATE TABLE `pma__savedsearches` (
  `id` int(5) UNSIGNED NOT NULL,
  `username` varchar(64) COLLATE utf8_bin NOT NULL DEFAULT '',
  `db_name` varchar(64) COLLATE utf8_bin NOT NULL DEFAULT '',
  `search_name` varchar(64) COLLATE utf8_bin NOT NULL DEFAULT '',
  `search_data` text COLLATE utf8_bin NOT NULL
) ENGINE=InnoDB DEFAULT CHARSET=utf8 COLLATE=utf8_bin COMMENT='Saved searches';

-- --------------------------------------------------------

--
-- Table structure for table `pma__table_coords`
--

CREATE TABLE `pma__table_coords` (
  `db_name` varchar(64) COLLATE utf8_bin NOT NULL DEFAULT '',
  `table_name` varchar(64) COLLATE utf8_bin NOT NULL DEFAULT '',
  `pdf_page_number` int(11) NOT NULL DEFAULT 0,
  `x` float UNSIGNED NOT NULL DEFAULT 0,
  `y` float UNSIGNED NOT NULL DEFAULT 0
) ENGINE=InnoDB DEFAULT CHARSET=utf8 COLLATE=utf8_bin COMMENT='Table coordinates for phpMyAdmin PDF output';

-- --------------------------------------------------------

--
-- Table structure for table `pma__table_info`
--

CREATE TABLE `pma__table_info` (
  `db_name` varchar(64) COLLATE utf8_bin NOT NULL DEFAULT '',
  `table_name` varchar(64) COLLATE utf8_bin NOT NULL DEFAULT '',
  `display_field` varchar(64) COLLATE utf8_bin NOT NULL DEFAULT ''
) ENGINE=InnoDB DEFAULT CHARSET=utf8 COLLATE=utf8_bin COMMENT='Table information for phpMyAdmin';

-- --------------------------------------------------------

--
-- Table structure for table `pma__table_uiprefs`
--

CREATE TABLE `pma__table_uiprefs` (
  `username` varchar(64) COLLATE utf8_bin NOT NULL,
  `db_name` varchar(64) COLLATE utf8_bin NOT NULL,
  `table_name` varchar(64) COLLATE utf8_bin NOT NULL,
  `prefs` text COLLATE utf8_bin NOT NULL,
  `last_update` timestamp NOT NULL DEFAULT current_timestamp() ON UPDATE current_timestamp()
) ENGINE=InnoDB DEFAULT CHARSET=utf8 COLLATE=utf8_bin COMMENT='Tables'' UI preferences';

-- --------------------------------------------------------

--
-- Table structure for table `pma__tracking`
--

CREATE TABLE `pma__tracking` (
  `db_name` varchar(64) COLLATE utf8_bin NOT NULL,
  `table_name` varchar(64) COLLATE utf8_bin NOT NULL,
  `version` int(10) UNSIGNED NOT NULL,
  `date_created` datetime NOT NULL,
  `date_updated` datetime NOT NULL,
  `schema_snapshot` text COLLATE utf8_bin NOT NULL,
  `schema_sql` text COLLATE utf8_bin DEFAULT NULL,
  `data_sql` longtext COLLATE utf8_bin DEFAULT NULL,
  `tracking` set('UPDATE','REPLACE','INSERT','DELETE','TRUNCATE','CREATE DATABASE','ALTER DATABASE','DROP DATABASE','CREATE TABLE','ALTER TABLE','RENAME TABLE','DROP TABLE','CREATE INDEX','DROP INDEX','CREATE VIEW','ALTER VIEW','DROP VIEW') COLLATE utf8_bin DEFAULT NULL,
  `tracking_active` int(1) UNSIGNED NOT NULL DEFAULT 1
) ENGINE=InnoDB DEFAULT CHARSET=utf8 COLLATE=utf8_bin COMMENT='Database changes tracking for phpMyAdmin';

-- --------------------------------------------------------

--
-- Table structure for table `pma__userconfig`
--

CREATE TABLE `pma__userconfig` (
  `username` varchar(64) COLLATE utf8_bin NOT NULL,
  `timevalue` timestamp NOT NULL DEFAULT current_timestamp() ON UPDATE current_timestamp(),
  `config_data` text COLLATE utf8_bin NOT NULL
) ENGINE=InnoDB DEFAULT CHARSET=utf8 COLLATE=utf8_bin COMMENT='User preferences storage for phpMyAdmin';

--
-- Dumping data for table `pma__userconfig`
--

INSERT INTO `pma__userconfig` (`username`, `timevalue`, `config_data`) VALUES
('root', '2020-12-03 10:14:45', '{\"Console\\/Mode\":\"collapse\"}');

-- --------------------------------------------------------

--
-- Table structure for table `pma__usergroups`
--

CREATE TABLE `pma__usergroups` (
  `usergroup` varchar(64) COLLATE utf8_bin NOT NULL,
  `tab` varchar(64) COLLATE utf8_bin NOT NULL,
  `allowed` enum('Y','N') COLLATE utf8_bin NOT NULL DEFAULT 'N'
) ENGINE=InnoDB DEFAULT CHARSET=utf8 COLLATE=utf8_bin COMMENT='User groups with configured menu items';

-- --------------------------------------------------------

--
-- Table structure for table `pma__users`
--

CREATE TABLE `pma__users` (
  `username` varchar(64) COLLATE utf8_bin NOT NULL,
  `usergroup` varchar(64) COLLATE utf8_bin NOT NULL
) ENGINE=InnoDB DEFAULT CHARSET=utf8 COLLATE=utf8_bin COMMENT='Users and their assignments to user groups';

--
-- Indexes for dumped tables
--

--
-- Indexes for table `pma__bookmark`
--
ALTER TABLE `pma__bookmark`
  ADD PRIMARY KEY (`id`);

--
-- Indexes for table `pma__central_columns`
--
ALTER TABLE `pma__central_columns`
  ADD PRIMARY KEY (`db_name`,`col_name`);

--
-- Indexes for table `pma__column_info`
--
ALTER TABLE `pma__column_info`
  ADD PRIMARY KEY (`id`),
  ADD UNIQUE KEY `db_name` (`db_name`,`table_name`,`column_name`);

--
-- Indexes for table `pma__designer_settings`
--
ALTER TABLE `pma__designer_settings`
  ADD PRIMARY KEY (`username`);

--
-- Indexes for table `pma__export_templates`
--
ALTER TABLE `pma__export_templates`
  ADD PRIMARY KEY (`id`),
  ADD UNIQUE KEY `u_user_type_template` (`username`,`export_type`,`template_name`);

--
-- Indexes for table `pma__favorite`
--
ALTER TABLE `pma__favorite`
  ADD PRIMARY KEY (`username`);

--
-- Indexes for table `pma__history`
--
ALTER TABLE `pma__history`
  ADD PRIMARY KEY (`id`),
  ADD KEY `username` (`username`,`db`,`table`,`timevalue`);

--
-- Indexes for table `pma__navigationhiding`
--
ALTER TABLE `pma__navigationhiding`
  ADD PRIMARY KEY (`username`,`item_name`,`item_type`,`db_name`,`table_name`);

--
-- Indexes for table `pma__pdf_pages`
--
ALTER TABLE `pma__pdf_pages`
  ADD PRIMARY KEY (`page_nr`),
  ADD KEY `db_name` (`db_name`);

--
-- Indexes for table `pma__recent`
--
ALTER TABLE `pma__recent`
  ADD PRIMARY KEY (`username`);

--
-- Indexes for table `pma__relation`
--
ALTER TABLE `pma__relation`
  ADD PRIMARY KEY (`master_db`,`master_table`,`master_field`),
  ADD KEY `foreign_field` (`foreign_db`,`foreign_table`);

--
-- Indexes for table `pma__savedsearches`
--
ALTER TABLE `pma__savedsearches`
  ADD PRIMARY KEY (`id`),
  ADD UNIQUE KEY `u_savedsearches_username_dbname` (`username`,`db_name`,`search_name`);

--
-- Indexes for table `pma__table_coords`
--
ALTER TABLE `pma__table_coords`
  ADD PRIMARY KEY (`db_name`,`table_name`,`pdf_page_number`);

--
-- Indexes for table `pma__table_info`
--
ALTER TABLE `pma__table_info`
  ADD PRIMARY KEY (`db_name`,`table_name`);

--
-- Indexes for table `pma__table_uiprefs`
--
ALTER TABLE `pma__table_uiprefs`
  ADD PRIMARY KEY (`username`,`db_name`,`table_name`);

--
-- Indexes for table `pma__tracking`
--
ALTER TABLE `pma__tracking`
  ADD PRIMARY KEY (`db_name`,`table_name`,`version`);

--
-- Indexes for table `pma__userconfig`
--
ALTER TABLE `pma__userconfig`
  ADD PRIMARY KEY (`username`);

--
-- Indexes for table `pma__usergroups`
--
ALTER TABLE `pma__usergroups`
  ADD PRIMARY KEY (`usergroup`,`tab`,`allowed`);

--
-- Indexes for table `pma__users`
--
ALTER TABLE `pma__users`
  ADD PRIMARY KEY (`username`,`usergroup`);

--
-- AUTO_INCREMENT for dumped tables
--

--
-- AUTO_INCREMENT for table `pma__bookmark`
--
ALTER TABLE `pma__bookmark`
  MODIFY `id` int(11) NOT NULL AUTO_INCREMENT;

--
-- AUTO_INCREMENT for table `pma__column_info`
--
ALTER TABLE `pma__column_info`
  MODIFY `id` int(5) UNSIGNED NOT NULL AUTO_INCREMENT;

--
-- AUTO_INCREMENT for table `pma__export_templates`
--
ALTER TABLE `pma__export_templates`
  MODIFY `id` int(5) UNSIGNED NOT NULL AUTO_INCREMENT, AUTO_INCREMENT=2;

--
-- AUTO_INCREMENT for table `pma__history`
--
ALTER TABLE `pma__history`
  MODIFY `id` bigint(20) UNSIGNED NOT NULL AUTO_INCREMENT;

--
-- AUTO_INCREMENT for table `pma__pdf_pages`
--
ALTER TABLE `pma__pdf_pages`
  MODIFY `page_nr` int(10) UNSIGNED NOT NULL AUTO_INCREMENT;

--
-- AUTO_INCREMENT for table `pma__savedsearches`
--
ALTER TABLE `pma__savedsearches`
  MODIFY `id` int(5) UNSIGNED NOT NULL AUTO_INCREMENT;
--
-- Database: `test`
--
CREATE DATABASE IF NOT EXISTS `test` DEFAULT CHARACTER SET utf8mb4 COLLATE utf8mb4_general_ci;
USE `test`;
COMMIT;

/*!40101 SET CHARACTER_SET_CLIENT=@OLD_CHARACTER_SET_CLIENT */;
/*!40101 SET CHARACTER_SET_RESULTS=@OLD_CHARACTER_SET_RESULTS */;
/*!40101 SET COLLATION_CONNECTION=@OLD_COLLATION_CONNECTION */;
